MLS,Prop Subtype,St #,Address,City,Zip,BR,Baths(FTHQ),Other Deposit,Pet Deposit,Key Deposit,OLP,Security Deposit,LP,SqFt,LP $/SqFt,YB,# Prking Spaces,Laundry,Pets,Lease Terms,Furnished,Seller's Agent 1 Cell,Lot Sz
SB26017458MR,Single Family,618,618  E Buckthorn ST ,INGLEWOOD,90301,4,2.00 (2 0 0 0),,$0.00,,$600,$0,$600,"1,400",$0.43,1923,0,Inside,,Weekly,Furnished,213-400-8541,"3,914"
26642685,,1324,1324  W 36th St #4 Room 2,Los Angeles,90007,1,1.00 (1 0 0 0),,,,"$1,150","$1,150","$1,150",617,$1.86,,1,"In Unit,Inside",Call,"1+Year,1-Year,12 Months",Unfurnished,213-503-8070,"6,802"
AR26018268MR,Single Family,4056,4056   Kenmore  ,BALDWIN PARK,91706,1,1.00 (1 0 0 0),,$0.00,,"$1,380","$1,500","$1,380",300,$4.60,1933,0,None,No,1-Year,Unfurnished,626-695-6006,"9,000"
SB26015778MR,Apartment,4387,4387  W 134th ST #G,HAWTHORNE,90250,0,1.00 (1 0 0 0),,$0.00,,"$1,450","$1,450","$1,450",280,$5.18,1937,0,None,,1-Year,Unfurnished,424-732-2821,"8,691"
26643579,Apartment,1436,1436  E 4th St #C,Long Beach,90802,1,1.00 (1 0 0 0),,,,"$1,495","$1,495","$1,495",400,$3.74,,0,None,Yes,"1-Year,12 Months",Unfurnished,909-900-8842,400
26641747,Apartment,115,115  N Oak St #34,Inglewood,90301,0,1.00 (1 0 0 0),,,,"$1,495","$1,495","$1,495",360,$4.15,1958,1,"Outside,Community",Yes,12 Months,Unfurnished,310-844-4812,"34,121"
CV26019293MR,Apartment,1609,1609  W Badillo  #ADU,SAN DIMAS,91773,0,1.00 (0 1 0 0),,$0.00,,"$1,500","$1,500","$1,500",250,$6,1962,1,"Gas Dryer Hookup,Washer Hookup",,Month-to-Month,Unfurnished,909-750-1763,"7,893"
SR26016474MR,,2431,2431   Michigan AVE ,LOS ANGELES,90033,1,1.00 (1 0 0 0),,$50.00,,"$1,500","$1,500","$1,500",336,$4.46,1914,0,None,,1-Year,Unfurnished,818-300-7498,"5,872"
SR26016628MR,,11500,11500   GLENOAKS  ,PACOIMA,91331,0,1.00 (1 0 0 0),,$500.00,,"$1,500","$1,500","$1,500",400,$3.75,1944,0,None,,1-Year,Unfurnished,818-266-6679,"6,960"
SR26017061MR,Apartment,663,663   Eston Pl #B,LANCASTER,93535,1,2.00 (1 1 0 0),,$0.00,250,"$1,650","$1,300","$1,500",700,$2.14,1971,0,None,No,1-Year,Unfurnished,818-523-4582,"7,090"
SB26017111MR,Apartment,7833,7833  S Normandie AVE #1/2,LOS ANGELES,90044,1,1.00 (1 0 0 0),,$0.00,,"$1,600","$1,600","$1,600",420,$3.81,1948,1,None,No,1-Year,Unfurnished,424-732-2821,"5,200"
WS26017548MR,,220,220   Darocca  #A,SAN GABRIEL,91775,1,1.00 (0 1 0 0),,$0.00,,"$1,600","$1,600","$1,600",300,$5.33,1924,1,Laundry Area,,1-Year,Furnished,626-926-0236,"6,253"
26643563,,1675,1675  W Martin Luther King Jr Blvd #5,Los Angeles,90062,0,1.00 (1 0 0 0),,,,"$1,600","$1,600","$1,600",,$0,,0,Other,Yes,1+Year,Unfurnished,424-388-2090,"12,000"
26643411,,3309,3309  S Main St #6,Los Angeles,90007,0,0.00 (0 0 0 0),,,,"$1,600","$1,600","$1,600",600,$2.67,1908,0,Other,Yes,1+Year,Unfurnished,424-388-2090,"5,521"
26643421,,3309,3309  S Main St #8,Los Angeles,90007,0,0.00 (0 0 0 0),,,,"$1,600","$1,600","$1,600",600,$2.67,1908,0,Other,Yes,1+Year,Unfurnished,424-388-2090,"5,521"
26643427,,3309,3309  S Main St #11,Los Angeles,90007,0,0.00 (0 0 0 0),,,,"$1,600","$1,600","$1,600",600,$2.67,1908,0,Other,Yes,1+Year,Unfurnished,424-388-2090,"5,521"
CV26000704MR,Apartment,30,30  N 1st ST #5,ALHAMBRA,91801,1,1.00 (1 0 0 0),,$0.00,,"$1,675","$1,675","$1,675",522,$3.21,1956,0,Community,No,1-Year,Unfurnished,626-391-2149,"14,818"
PV26015626MR,Apartment,3330,3330   Peck  ,SAN PEDRO,90731,0,1.00 (1 0 0 0),,$0.00,,"$1,675","$1,675","$1,675",400,$4.19,1962,0,In Kitchen,,1-Year,Unfurnished,310-989-4466,"9,999"
SB26015795MR,Apartment,4750,4750  W Broadway  #I,HAWTHORNE,90250,0,1.00 (1 0 0 0),,$0.00,,"$1,695","$1,695","$1,695",420,$4.04,1962,1,Laundry Area,,1-Year,Unfurnished,424-732-2821,"7,887"
26642133,,3619,3619   9th Ave ,Los Angeles,90018,1,1.00 (1 0 0 0),,,,"$1,695","$1,695","$1,695",800,$2.12,1922,1,Laundry Area,Call,1+Year,Unfurnished,323-578-8423,"5,603"
BB26019299MR,Apartment,14551,14551   Vose ST #C,VAN NUYS,91405,1,1.00 (1 0 0 0),,$450.00,,"$1,700","$1,700","$1,700",600,$2.83,1984,0,Other,,1-Year,Unfurnished,818-262-5446,"6,759"
PW26019324MR,Apartment,827,827  S Manhattan  #205,LOS ANGELES,90005,0,1.00 (1 0 0 0),,$0.00,300,"$1,700","$1,700","$1,700",335,$5.07,1970,1,Laundry Area,No,1-Year,Furnished,714-523-8989,"15,018"
SR26017854MR,,5929,5929   Colfax AVE ,NORTH HOLLYWOOD,91601,1,1.00 (0 1 0 0),,$0.00,,"$1,700","$1,700","$1,700",310,$5.48,1941,0,Laundry Area,No,1-Year,Furnished,818-470-3738,"7,283"
SR26020388MR,Single Family,5842,5842   Lexington AVE #1,LOS ANGELES,90038,1,1.00 (1 0 0 0),,$0.00,,"$1,750","$1,800","$1,750",500,$3.50,1920,0,None,,"1+Year,1-Year",,818-207-7713,"7,500"
TR26018636MR,,731,731  S Almansor  ,ALHAMBRA,91801,1,1.00 (1 0 0 0),250,$0.00,50,"$1,750","$1,750","$1,750",500,$3.50,1953,0,None,No,1+Year,Furnished,626-437-3219,"7,503"
SB26015824MR,Apartment,3710,3710   Garnet ST #205,TORRANCE,90503,0,1.00 (1 0 0 0),,$0.00,,"$1,750","$1,750","$1,750",415,$4.22,1968,1,Laundry Area,No,1-Year,Unfurnished,424-732-2821,"42,403"
SR26017131MR,,9013,9013   1/2 Gladbeck Ave ,NORTHRIDGE,91324,0,1.00 (1 0 0 0),,$500.00,,"$1,750","$1,750","$1,750",385,$4.55,2020,0,"Dryer,Dryer Included,Gas Dryer Hookup,Inside,Washer,Washer Included",,1-Year,Unfurnished,818.635.6600,
SB26019389MR,Apartment,529,529  W 22nd ST ,SAN PEDRO,90731,1,1.00 (1 0 0 0),,$0.00,,"$1,750","$2,000","$1,750",500,$3.50,1930,0,Inside,,1-Year,Unfurnished,310-897-5472,"5,002"
AR26016156MR,,543,543   Ranch  ,GLENDORA,91741,0,1.00 (0 1 0 0),,$0.00,,"$1,750","$1,750","$1,750",250,$7,1953,0,None,No,1-Year,Furnished,626-539-1488,"8,920"
26643551,,6532,6532   BRYNHURST AVE ,LOS ANGELES,90043,2,1.00 (1 0 0 0),,,,"$1,750","$1,750","$1,750","1,000",$1.75,1950,1,"In Unit,Inside",No,1+Year,Unfurnished,818-577-0476,"11,358"
26642139,,4706,4706  S Vermont Ave #4,Los Angeles,90037,1,1.00 (1 0 0 0),,,,"$1,750","$1,850","$1,750",720,$2.43,1914,1,None,Call,1+Year,Unfurnished,213-465-5035,"6,877"
CV26017094MR,,14449,14449   Palmrose AVE #A,BALDWIN PARK,91706,1,1.00 (1 0 0 0),,$0.00,,"$1,795","$1,850","$1,795",500,$3.59,1962,1,None,No,1-Year,Unfurnished,626-629-8727,"11,497"
OC26014433MR,Condominium,7243,7243   Milton  #4,WHITTIER,90602,1,1.00 (1 0 0 0),,$500.00,,"$1,795","$1,795","$1,795",700,$2.56,1971,1,Community,,1-Year,Unfurnished,714-815-7091,"14,004"
OC26014434MR,Condominium,7243,7243   Milton  #12,WHITTIER,90602,1,1.00 (1 0 0 0),,$500.00,,"$1,795","$1,795","$1,795",700,$2.56,1971,1,Laundry Area,,1-Year,Unfurnished,714-815-7091,"14,004"
TR26018484MR,Apartment,667,667  N Towne AVE ,POMONA,91767,2,1.00 (0 1 0 0),,$0.00,,"$1,795","$1,795","$1,795",600,$2.99,1948,1,None,No,1-Year,Unfurnished,909-518-4394,"7,490"
WS26019194MR,Apartment,1429,1429  S 2nd  #F,ALHAMBRA,91801,1,1.00 (1 0 0 0),250,$0.00,80,"$1,800","$1,800","$1,800",650,$2.77,1963,0,Laundry Area,No,1-Year,Unfurnished,626-674-1327,"8,507"
WS26016131MR,Apartment,9411,9411 1/2  Rose ST ,BELLFLOWER,90706,2,1.00 (0 1 0 0),,$0.00,,"$1,800","$1,800","$1,800",720,$2.50,1922,1,None,,1-Year,Unfurnished,626-420-9298,"8,912"
GD26017607IT,,1750,1750   Colorado BLVD #K1,LOS ANGELES,90041,0,1.00 (1 0 0 0),,$500.00,50,"$1,800","$1,800","$1,800",266,$6.77,1947,1,Laundry Area,,1-Year,Furnished,323-810-6960,"40,000"
PW26010081MR,Combo - Res &amp; Com,4508,4508  E Linsley ST ,COMPTON,90221,1,1.00 (1 0 0 0),,$0.00,,"$1,800","$1,800","$1,800",420,$4.29,1945,0,None,,1-Year,Unfurnished,562-682-9249,"10,909"
SR26016744MR,Apartment,6827,6827   Simpson  #4,NORTH HOLLYWOOD,91605,1,1.00 (1 0 0 0),,$0.00,,"$1,800","$1,800","$1,800",650,$2.77,1959,0,None,,1-Year,Unfurnished,818-439-2537,"7,907"
26643553,Apartment,908,908  S Normandie Ave #16,Los Angeles,90006,0,1.00 (1 0 0 0),,,,"$1,800","$1,800","$1,800",500,$3.60,1924,0,Other,Yes,1+Year,Unfurnished,424-388-2090,"6,402"
26643493,,504,504  S Rampart Blvd #26,Los Angeles,90057,0,1.00 (1 0 0 0),,,,"$1,800","$1,800","$1,800",500,$3.60,1922,0,Other,Yes,1+Year,Unfurnished,424-388-2090,"8,404"
26643505,,434,434  S Rampart Blvd #108,Los Angeles,90057,0,1.00 (1 0 0 0),,,,"$1,800","$1,800","$1,800",500,$3.60,1923,0,Other,Yes,1+Year,Unfurnished,424-388-2090,"8,052"
26643531,Apartment,908,908  S Normandie Ave #7,Los Angeles,90006,0,1.00 (1 0 0 0),,,,"$1,800","$1,800","$1,800",500,$3.60,1924,0,Other,Yes,1+Year,Unfurnished,424-388-2090,"6,402"
26643535,Apartment,908,908  S Normandie Ave #8,Los Angeles,90006,0,1.00 (1 0 0 0),,,,"$1,800","$1,800","$1,800",500,$3.60,1924,0,Other,Yes,1+Year,Unfurnished,424-388-2090,"6,402"
26643471,,504,504  S Rampart Blvd #7,Los Angeles,90057,0,1.00 (1 0 0 0),,,,"$1,800","$1,800","$1,800",500,$3.60,1922,0,Other,Yes,1+Year,Unfurnished,424-388-2090,"8,404"
26643481,,504,504  S Rampart Blvd #20,Los Angeles,90057,0,1.00 (1 0 0 0),,,,"$1,800","$1,800","$1,800",500,$3.60,1922,0,Other,Yes,1+Year,Unfurnished,424-388-2090,"8,404"
26643511,,434,434  S Rampart Blvd #205,Los Angeles,90057,0,1.00 (1 0 0 0),,,,"$1,800","$1,800","$1,800",500,$3.60,1923,0,Other,Yes,1+Year,Unfurnished,424-388-2090,"8,052"
26643513,,434,434  S Rampart Blvd #301,Los Angeles,90057,0,1.00 (1 0 0 0),,,,"$1,800","$1,800","$1,800",500,$3.60,1923,0,Other,Yes,1+Year,Unfurnished,424-388-2090,"8,052"
26643525,,434,434  S Rampart Blvd #308,Los Angeles,90057,0,1.00 (1 0 0 0),,,,"$1,800","$1,800","$1,800",500,$3.60,1923,0,Other,Yes,1+Year,Unfurnished,424-388-2090,"8,052"
26644221,,6206,6206   Home Ave ,Bell Gardens,90201,1,1.00 (1 0 0 0),,,,"$1,800","$1,800","$1,800",,$0,1924,1,None,Call,1-Year,Unfurnished,310-562-5088,"5,850"
26642451,,951,951   Menlo Ave #7,Los Angeles,90006,1,1.00 (1 0 0 0),,,,"$1,800","$1,800","$1,800",690,$2.61,1974,1,Community,Call,1+Year,Unfurnished,213-500-2168,"9,031"
26643587,,220,220  N Louise St #B,Glendale,91206,1,1.00 (1 0 0 0),,,,"$1,845","$1,845","$1,845",576,$3.20,1950,1,Laundry Area,No,12 Months,Unfurnished,818-428-0454,"7,485"
CV26017064MR,Apartment,3607,3607   Griffin AVE #4,LOS ANGELES,90031,1,1.00 (1 0 0 0),,$0.00,,"$1,850","$1,850","$1,850",700,$2.64,1984,1,Laundry Area,,1-Year,Unfurnished,,"7,442"
26643031,,5414,5414   Calhoun Ave ,Sherman Oaks,91401,1,1.00 (1 0 0 0),,,,"$1,850","$1,850","$1,850",450,$4.11,2020,0,In Unit,Call,1-Year,Unfurnished,310-820-1343,"32,741"
P1-25604PF,Apartment,1488,1488  W Sunset BLVD #1/4,LOS ANGELES,90026,1,1.00 (1 0 0 0),,$0.00,,"$1,850","$1,850","$1,850",500,$3.70,1902,0,None,,1-Year,Unfurnished,,"6,463"
SR26019697MR,Condominium,5460,5460   White oak AVE #H310,ENCINO,91316,1,2.00 (1 0 1 0),,$0.00,,"$1,850","$1,850","$1,850",715,$2.59,1971,2,Community,,1-Year,Unfurnished,818-620-2244,
PW26018017MR,Apartment,1917,1917  E 4th  #9,LONG BEACH,90802,1,1.00 (1 0 0 0),,$300.00,100,"$1,875","$1,875","$1,875",500,$3.75,1923,0,Community,,1-Year,Unfurnished,,"12,413"
CV26019149MR,Apartment,113,113  N 1st ST #G,ALHAMBRA,91801,1,1.00 (1 0 0 0),,$0.00,,"$1,875","$1,875","$1,875",600,$3.13,1947,1,Community,No,1-Year,Unfurnished,626-274-5335,"14,957"
82032486ML,,545,545   Chestnut AVE #206,Long Beach,90802,1,1.00 (1 0 0 0),,,,"$1,875","$1,875","$1,875",664,$2.82,1972,,None,Yes,Deposit Required,,,0
26643967,,4710,4710  E Wall St St ,Los Angeles,90011,1,1.00 (1 0 0 0),,,,"$1,875","$1,875","$1,875",700,$2.68,1912,0,None,Call,1+Year,Unfurnished,310-850-3906,"6,752"
SB26013410MR,,1152,1152  E 77th  ,LOS ANGELES,90001,1,1.00 (1 0 0 0),,$0.00,,"$1,895","$1,895","$1,895",610,$3.11,1948,1,"Gas Dryer Hookup,Washer Hookup",,1-Year,Unfurnished,714-244-2744,"4,931"
SR26019784MR,Apartment,4436,4436   Ventura Canyon  #1,SHERMAN OAKS,91423,1,1.00 (1 0 0 0),,$0.00,,"$1,895","$1,995","$1,895",800,$2.37,1963,0,Community,,1-Year,Unfurnished,818-620-2244,"7,427"
DW26007977MR,,3297,3297   Tenaya  ,LYNWOOD,90262,1,1.00 (1 0 0 0),,$0.00,100,"$1,900","$1,900","$1,900","2,163",$0.88,1958,0,None,No,1-Year,Unfurnished,562-761-0936,"5,803"
CV26016145MR,Single Family,1540,1540   Via Buena  ,LA VERNE,91750,1,1.00 (1 0 0 0),,$0.00,,"$1,900","$1,900","$1,900",500,$3.80,1984,0,None,No,1-Year,,626-7361817,"5,808"
26642135,,1036,1036   Dewey Ave #6,Los Angeles,90006,1,1.00 (1 0 0 0),,,,"$1,900","$1,900","$1,900",750,$2.53,1952,1,None,Call,1+Year,Unfurnished,213-465-5035,"5,908"
26641991,,5320,5320  W OLYMPIC  #7,LOS ANGELES,90036,0,1.00 (1 0 0 0),,,,"$1,900","$1,900","$1,900",,$0,,0,Community,No,1+Year,Unfurnished,323-782-1260,600
26642773,,2864,2864   Sunset Pl #402,Los Angeles,90005,1,1.00 (1 0 0 0),,,,"$1,950","$1,950","$1,950",810,$2.41,2006,1,In Unit,Call,1+Year,Unfurnished,213-276-2727,"6,832"
AR26018013MR,Apartment,15713,15713   Hayland  ,LA PUENTE,91744,1,1.00 (1 0 0 0),,$0.00,25,"$1,950","$1,950","$1,950",650,$3,1962,0,Laundry Area,,1-Year,Unfurnished,626-272-5941,850
PW26017837MR,Apartment,6008,6008   Comstock AVE #E,WHITTIER,90601,1,1.00 (1 0 0 0),,$0.00,,"$1,950","$1,950","$1,950",700,$2.79,1990,1,"Community,Laundry Area,Room",No,1+Year,Unfurnished,562-618-2811,"7,500"
SB26018107MR,Apartment,4207,4207   Manhattan Beach Blvd #8,LAWNDALE,90260,1,1.00 (1 0 0 0),,"$1,000.00",,"$1,950","$1,950","$1,950",650,$3,1961,3,"Community,Laundry Area",,1-Year,Unfurnished,3109715949,"8,214"
SR25265513MR,,4919,4919   Enfield AVE ,ENCINO,91316,0,1.00 (1 0 0 0),,$250.00,,"$1,950","$19,950","$1,950",400,$4.88,2025,0,"Dryer,Dryer Included,Electric Dryer Hookup,Hookup - Electric,Laundry Closet Stacked,Stackable W/D Hookup,Washer,Washer Hookup,Washer Included",,1-Year,Unfurnished,818-903-7598,
CV26018544MR,,6010,6010   Kansas  ,LOS ANGELES,90044,1,1.00 (1 0 0 0),,$300.00,50,"$1,980","$2,200","$1,980",789,$2.51,2025,0,None,No,1-Year,Unfurnished,626-643-7090,"6,230"
26642963,Apartment,3807,3807   Wilshire Blvd  #501,Los Angeles,90010,0,1.00 (1 0 0 0),,,,"$1,985",$800,"$1,985",416,$4.77,,1,In Unit,Call,1+Year,Unfurnished,323-828-8870,"162,412"
26642713,,4800,4800   August St #12,Los Angeles,90008,2,2.00 (2 0 0 0),,,,"$1,995","$1,995","$1,995","18,838",$0.11,1957,0,Laundry Area,Yes,"1+Year,1-Year",Unfurnished,310-765-7447,950
26641879,Apartment,1159,1159  N Genesee Ave #2,West Hollywood,90046,1,1.00 (1 0 0 0),,,,"$1,995","$1,995","$1,995",600,$3.33,1953,0,Community,Yes,1+Year,Unfurnished,310-666-2246,"5,135"
26641775,,7453,7453   Haskell Ave #7,Van Nuys,91406,1,1.00 (1 0 0 0),,,,"$1,995","$1,995","$1,995",800,$2.49,1987,1,Community,Yes,1+Year,Unfurnished,310-493-9895,"6,739"
26644401,Apartment,1610,1610  S Beverly Glen Blvd #9,Los Angeles,90024,1,1.00 (1 0 0 0),,,,"$1,995","$1,995","$1,995",374,$5.33,1961,1,In Unit,Yes,"1+Year,Negotiable",Unfurnished,310-617-6462,"6,523"
SR26016462MR,Single Family,8648,8648   Corbin  ,NORTHRIDGE,91324,1,1.00 (1 0 0 0),,$100.00,,"$1,999",$0,"$1,999",418,$4.78,2025,1,"Dryer,Dryer Included,Inside,Laundry Closet Stacked,Stackable W/D Hookup,Washer,Washer Included",,1-Year,Unfurnished,818-515-7453,"8,320"
GD26017588IT,Apartment,1750,1750   Colorado BLVD #I1,LOS ANGELES,90041,0,1.00 (0 1 0 0),,$500.00,50,"$2,000","$2,000","$2,000",390,$5.13,1947,1,Laundry Area,,1-Year,Furnished,323-810-6960,"40,000"
WS26016787MR,Single Family,23120,23120   Posada  ,VALENCIA,91354,1,1.00 (1 0 0 0),,$0.00,,"$2,000","$2,000","$2,000",400,$5,1971,0,None,No,1-Year,Furnished,626-470-7588,"8,688"
CV26017052MR,Apartment,4920,4920   Maine AVE #J,BALDWIN PARK,91706,2,1.00 (1 0 0 0),,$0.00,,"$2,000","$2,000","$2,000","1,202",$1.66,1954,0,Community,No,1-Year,Unfurnished,,"1,202"
CV26017302MR,Single Family,16823,16823 1/2  Ironton  ,LA PUENTE,91744,1,1.00 (1 0 0 0),,$0.00,50,"$2,000","$2,000","$2,000",607,$3.29,1961,0,None,No,"Month-to-Month,Other",Unfurnished,818-668-4919,"7,319"
BB26016142MR,Apartment,12817,12817   Barbara Ann  ,NORTH HOLLYWOOD,91605,1,1.00 (1 0 0 0),,$500.00,,"$2,000","$2,000","$2,000",685,$2.92,1958,0,"Community,Laundry Area",,1-Year,Unfurnished,818-399-7513,"7,160"
26643607,Apartment,3345,3345   Wilshire Blvd  #205,Los Angeles,90005,0,1.00 (1 0 0 0),,,,"$2,000",$800,"$2,000",483,$4.14,,1,In Unit,Call,1+Year,Unfurnished,323-828-8870,"22,651"
26642999,Apartment,3807,3807   Wilshire Blvd  #510,Los Angeles,90010,0,1.00 (1 0 0 0),,,,"$2,055",$800,"$2,055",445,$4.62,,1,In Unit,Call,1+Year,Unfurnished,323-828-8870,"162,412"
26642991,Apartment,3807,3807   Wilshire Blvd  #504,Los Angeles,90010,0,1.00 (1 0 0 0),,,,"$2,065",$800,"$2,065",455,$4.54,,1,In Unit,Call,1+Year,Unfurnished,323-828-8870,"162,412"
26642997,Apartment,3807,3807   Wilshire Blvd  #505,Los Angeles,90010,0,1.00 (1 0 0 0),,,,"$2,070",$800,"$2,070",453,$4.57,,1,In Unit,Call,1+Year,Unfurnished,323-828-8870,"162,412"
26643543,Apartment,3345,3345   Wilshire Blvd  #614,Los Angeles,90005,0,1.00 (1 0 0 0),,,,"$2,075",$800,"$2,075",470,$4.41,,1,In Unit,Call,1+Year,Unfurnished,323-828-8870,"22,651"
26643635,Apartment,3345,3345   Wilshire Blvd  #615,Los Angeles,90005,0,1.00 (1 0 0 0),,,,"$2,075",$800,"$2,075",470,$4.41,,1,In Unit,Call,1+Year,Unfurnished,323-828-8870,"22,651"
26642103,,6627,6627   Kraft Ave ,North Hollywood,91606,1,1.00 (1 0 0 0),,,,"$2,095","$2,095","$2,095",378,$5.54,1948,1,None,Call,1+Year,Unfurnished,310-940-2818,"6,752"
26642651,Apartment,1037,1037  S Shenandoah St #7,Los Angeles,90035,1,1.00 (1 0 0 0),,,,"$2,099","$2,099","$2,099",0,$0,1957,0,Community,Yes,1+Year,Unfurnished,805-824-9110,"7,254"
26634659,Apartment,4115,4115   Halldale Ave ,Los Angeles,90062,1,1.00 (1 0 0 0),,,,"$2,100","$2,100","$2,100",832,$2.52,1923,1,"Room,In Unit,Inside",Call,1-Year,Unfurnished,310-948-2629,"6,700"
26643647,Apartment,3345,3345   Wilshire Blvd  #210,Los Angeles,90005,1,1.00 (1 0 0 0),,,,"$2,100",$900,"$2,100",576,$3.65,,1,In Unit,Call,1+Year,Unfurnished,323-828-8870,"22,651"
CV26017997MR,,522,522   Linden  ,LONG BEACH,90802,1,1.00 (1 0 0 0),,$0.00,,"$2,100","$2,100","$2,100",744,$2.82,1940,0,Laundry Area,,Negotiable,Unfurnished,626-347-8001,"1,734"
26644361,,1440,1440   Reeves St #105,Los Angeles,90035,1,1.00 (1 0 0 0),,,,"$2,100","$2,100","$2,100",900,$2.33,1962,1,"Laundry Area,Community",Call,1+Year,Unfurnished,310-989-2217,"20,081"
WS26017774MR,,430,430  S Curtis AVE ,ALHAMBRA,91803,2,1.00 (1 0 0 0),,$0.00,100,"$2,100","$2,100","$2,100",795,$2.64,1959,1,Gas Or Electric Dryer Hookup,No,1-Year,Unfurnished,626-898-2000,"7,105"
TR26019068MR,,1219,1219  N Indian Hill  ,CLAREMONT,91711,1,1.00 (1 0 0 0),,$0.00,,"$2,100","$2,100","$2,100","1,000",$2.10,1926,1,Inside,No,1-Year,Unfurnished,909-240-2229,"7,500"
SR26018919MR,Single Family,18345,18345   Bessemer ST ,TARZANA,91335,1,1.00 (1 0 0 0),,$300.00,,"$2,100","$2,100","$2,100",500,$4.20,1950,0,"Dryer,Dryer Included,Inside,Laundry Area,Washer,Washer Included",,"1-Year,Negotiable,Other",,818-481-5630,"6,000"
GD26016108IT,Single Family,12558,12558 1/2  Vanowen ST ,NORTH HOLLYWOOD,91605,1,1.00 (1 0 0 0),,$0.00,,"$2,100","$2,100","$2,100",600,$3.50,1946,0,"Dryer,Dryer Included,Washer,Washer Included",,1-Year,Unfurnished,818-281-8812,"6,930"
26643889,,933,933  S Norton Ave #4,Los Angeles,90019,1,1.00 (1 0 0 0),,,,"$2,140","$2,000","$2,140",720,$2.97,1958,1,Laundry Area,Call,1+Year,Unfurnished,213-276-2727,"8,367"
26643623,Apartment,3345,3345   Wilshire Blvd  #1102,Los Angeles,90005,0,1.00 (1 0 0 0),,,,"$2,145",$800,"$2,145",470,$4.56,,1,In Unit,Call,1+Year,Unfurnished,323-828-8870,"22,651"
26643489,,483,483   Washington Blvd ,Marina Del Rey,90292,0,1.00 (1 0 0 0),,,,"$2,150","$2,150","$2,150",450,$4.78,1946,0,Community,No,1+Year,Both,818-822-9186,"7,505"
26642447,,8307,8307  S Figueroa St #C,Los Angeles,90003,18,3.00 (1 2 0 0),,,,"$2,150","$2,150","$2,150","7,584",$0.28,1991,0,Other,Call,12 Months,Unfurnished,310-428-5494,"7,501"
GD26015686IT,Apartment,2512,2512   Canada BLVD #2,GLENDALE,91208,1,1.00 (1 0 0 0),,$500.00,,"$2,150","$2,150","$2,150",600,$3.58,1948,2,Laundry Area,,1-Year,Unfurnished,818-860-3177,"12,579"
26643005,Apartment,3807,3807   Wilshire Blvd  #518,Los Angeles,90010,1,1.00 (1 0 0 0),,,,"$2,155",$900,"$2,155",485,$4.44,,1,In Unit,Call,1+Year,Unfurnished,323-828-8870,"162,412"
26642505,,18217,18217   Via Calma  #2,Rowland Heights,91748,2,1.00 (1 0 0 0),,,,"$2,195","$2,195","$2,195",836,$2.63,1970,0,Community,Yes,1+Year,Unfurnished,909-900-8842,836
26642113,,544,544  W 41st Dr #1,Los Angeles,90037,1,1.00 (1 0 0 0),,,,"$2,195","$2,195","$2,195",580,$3.78,1924,1,Community,Call,1+Year,Unfurnished,310-940-2818,"6,764"
26644277,,1323,1323  N Olive Dr #33d,West Hollywood,90069,0,1.00 (1 0 0 0),,,,"$2,195","$2,195","$2,195",500,$4.39,1941,1,Community,Yes,1-Year,Unfurnished,310-710-9361,"30,921"
26644547,,1342,1342   Yale St #B,Santa Monica,90404,1,1.00 (1 0 0 0),,,,"$2,195","$2,195","$2,195",600,$3.66,1955,0,Community,Call,"1+Year,12 Months",Unfurnished,424-258-4651,"7,526"
OC26014686MR,Condominium,151,151  S Idaho ST #B,LA HABRA,90631,2,1.00 (1 0 0 0),,$500.00,,"$2,195","$2,195","$2,195",915,$2.40,1963,1,Community,,1-Year,Unfurnished,714-815-7091,"7,841"
OC26014690MR,Condominium,151,151  S Idaho ST #D,LA HABRA,90631,2,1.00 (1 0 0 0),,$500.00,,"$2,195","$2,195","$2,195",915,$2.40,1963,2,Community,,1-Year,Unfurnished,714-815-7091,"7,841"
OC26015757MR,Apartment,221,221  N San Gabriel  #D,AZUSA,91702,2,1.00 (1 0 0 0),,$500.00,,"$2,200","$1,950","$2,200",900,$2.44,1962,1,Laundry Area,,1-Year,Unfurnished,949-302-1400,"14,117"
P1-25596PF,Apartment,718,718   Brent AVE #A,SOUTH PASADENA,91030,1,1.00 (1 0 0 0),,$0.00,,"$2,200","$2,200","$2,200",800,$2.75,1941,1,None,,,Unfurnished,(818) 399-3822,"8,264"
PV26018625MR,Apartment,728,728  W 16th ST ,SAN PEDRO,90731,2,1.00 (1 0 0 0),,$0.00,,"$2,200","$2,200","$2,200","2,969",$0.74,1924,0,Community,No,Month-to-Month,Unfurnished,,"4,808"
PW26019719MR,Condominium,3745,3745   Legato CT ,POMONA,91766,1,1.00 (1 0 0 0),,$500.00,,"$2,200","$2,200","$2,200",865,$2.54,1989,2,"Electric Dryer Hookup,Hookup - Electric,Washer Hookup",,1-Year,Unfurnished,714-686-6946,"310,335"
82032302ML,,1036,1036  S Serrano AVE ,Los Angeles,90006,2,2.00 (2 0 0 0),,,,"$2,200","$2,200","$2,200","1,160",$1.90,2005,,,,Other Lease Terms,,,0
AR26018186MR,Townhouse,410,410  N Alhambra AVE #D,MONTEREY PARK,91755,2,2.00 (1 0 1 0),,$0.00,50,"$2,200","$2,200","$2,200",937,$2.35,1973,2,Garage,No,1-Year,Unfurnished,626-643-1009,"34,441"
26642097,,4367,4367  S Van Ness Ave #Unit 4,Los Angeles,90062,1,1.00 (1 0 0 0),,,,"$2,200","$2,200","$2,200",710,$3.10,1923,0,Other,Yes,1+Year,Unfurnished,424-388-2090,"14,388"
26643019,Apartment,3807,3807   Wilshire Blvd  #1201,Los Angeles,90010,0,1.00 (1 0 0 0),,,,"$2,200",$800,"$2,200",416,$5.29,,1,In Unit,Call,1+Year,Unfurnished,323-828-8870,"162,412"
26643441,,3309,3309  S Main St #5,Los Angeles,90007,0,0.00 (0 0 0 0),,,,"$2,200","$2,200","$2,200",700,$3.14,1908,0,Other,Yes,1+Year,Unfurnished,424-388-2090,"5,521"
26643383,Single Family,1107,1107   date St ,Montebello,90640,1,1.00 (1 0 0 0),,,,"$2,200","$2,200","$2,200","6,363",$0.35,1953,0,Other,Yes,1+Year,Unfurnished,424-388-2090,"17,526"
26643023,Apartment,3807,3807   Wilshire Blvd  #1206,Los Angeles,90010,0,1.00 (1 0 0 0),,,,"$2,215",$800,"$2,215",420,$5.27,,1,In Unit,Call,1+Year,Unfurnished,323-828-8870,"162,412"
26642141,,3055,3055   Foothill Blvd #1,La Crescenta,91214,1,1.00 (1 0 0 0),,,,"$2,250","$2,250","$2,250",750,$3,1964,1,Community,Call,1+Year,Unfurnished,213-923-0227,"19,396"
PW26019734MR,Apartment,3310,3310  E Ransom ST #3,LONG BEACH,90804,2,1.00 (1 0 0 0),,$0.00,,"$2,250","$2,250","$2,250",800,$2.81,1922,1,"Gas Dryer Hookup,Washer Hookup",No,1-Year,Furnished,562-217-7646,"6,751"
SB26018557MR,Apartment,7139,7139   Kittyhawk  #1/2,LOS ANGELES,90045,2,1.00 (1 0 0 0),,$0.00,,"$2,250","$2,250","$2,250",950,$2.37,1948,0,Laundry Area,No,1-Year,Unfurnished,424-732-2821,"6,871"
P1-25550PF,Apartment,2707,2707   Montrose AVE #10,MONTROSE,91020,1,1.00 (1 0 0 0),,$0.00,,"$2,250","$2,250","$2,250",700,$3.21,1959,1,Community,No,1-Year,Unfurnished,(310) 995-2404,"12,000"
GD26018248IT,Apartment,417,417   Riverdale DR #415A,GLENDALE,91204,1,1.00 (1 0 0 0),,$0.00,,"$2,250","$2,250","$2,250",675,$3.33,1923,0,Inside,No,1-Year,Unfurnished,818-437-2433,"17,314"
GD26018291IT,Apartment,2158,2158   La Canada Crest DR ,LA CANADA FLINTRIDGE,91011,1,1.00 (1 0 0 0),,$0.00,,"$2,250","$2,300","$2,250",700,$3.21,1960,0,Community,,1-Year,Unfurnished,818-207-9999,"13,344"
26642185,,3518,3518   Chesapeake Ave #407,Los Angeles,90016,1,1.00 (1 0 0 0),,,,"$2,267","$2,455","$2,267",731,$3.10,2022,0,In Unit,Call,1+Year,Unfurnished,323-633-8077,"12,810"
26643643,Apartment,3345,3345   Wilshire Blvd  #918,Los Angeles,90005,1,1.00 (1 0 0 0),,,,"$2,275",$900,"$2,275",532,$4.28,,1,In Unit,Call,1+Year,Unfurnished,323-828-8870,"22,651"
26643021,Apartment,3807,3807   Wilshire Blvd  #1216,Los Angeles,90010,0,1.00 (1 0 0 0),,,,"$2,280",$800,"$2,280",455,$5.01,,1,In Unit,Call,1+Year,Unfurnished,323-828-8870,"162,412"
26643651,Apartment,3345,3345   Wilshire Blvd  #1018,Los Angeles,90005,1,1.00 (1 0 0 0),,,,"$2,285",$900,"$2,285",532,$4.30,,1,In Unit,Call,1+Year,Unfurnished,323-828-8870,"22,651"
BB26019632MR,Apartment,11523,11523   Bradson PL #2,CULVER CITY,90230,2,1.00 (1 0 0 0),,$0.00,,"$2,300","$2,300","$2,300",800,$2.88,1956,1,Community,,1-Year,Unfurnished,805-973-7470,"7,840"
26642441,,161,161  W Channel Rd #4,Santa Monica,90402,0,1.00 (1 0 0 0),,,,"$2,300","$2,300","$2,300",520,$4.42,1961,1,"Laundry Area,Community",Call,"Negotiable,1+Year,6 Months,Other",Unfurnished,310-701-6848,"4,640"
26641663,Single Family,1602,1602   Courtney Ave ,Los Angeles,90046,1,1.00 (1 0 0 0),,,,"$2,300","$4,600","$2,300",350,$6.57,1919,0,Other,No,"Negotiable,1+Year",Furnished,310-717-1805,"5,715"
GD26015830IT,Single Family,16327,16327   Kalisher ST ,GRANADA HILLS,91344,1,1.00 (1 0 0 0),,$0.00,,"$2,300","$2,300","$2,300",500,$4.60,2025,2,In Kitchen,No,1-Year,Unfurnished,818-629-4810,"8,700"
RS26018978MR,Apartment,1432,1432  W 106th  ,LOS ANGELES,90047,2,1.00 (1 0 0 0),,$50.00,,"$2,300","$3,000","$2,300","1,000",$2.30,1964,1,None,,1-Year,Unfurnished,323-608-7125,"6,215"
26641963,,3567,3567   Chesapeake Ave ##205,Los Angeles,90016,1,1.00 (1 0 0 0),,,,"$2,304","$2,495","$2,304",700,$3.29,,1,In Unit,Call,1+Year,Unfurnished,323-633-8077,700
26644519,,4140,4140   Grand View Blvd #18,Los Angeles,90066,1,1.00 (1 0 0 0),,$500.00,,"$2,325","$2,325","$2,325",550,$4.23,1959,0,"Laundry Area,Community",Yes,1+Year,Unfurnished,310-962-5000,"19,580"
AR26018010MR,Apartment,1174,1174   Del Valle  ,LA PUENTE,91744,2,1.00 (1 0 0 0),,$0.00,25,"$2,350","$2,350","$2,350",950,$2.47,1962,0,Laundry Area,,1-Year,Unfurnished,626-272-5941,"1,000"
CV26016497MR,Condominium,400,400  S Broadway  #1002,LOS ANGELES,90013,1,1.00 (1 0 0 0),,$500.00,300,"$2,350","$2,350","$2,350",597,$3.94,2019,1,"Dryer,Dryer Included,In Closet,Washer,Washer Included",,"1-Year,Negotiable",Furnished,,"36,291"
26643817PS,Apartment,1243,1243   26th St #1,Santa Monica,90404,1,1.00 (1 0 0 0),,,,"$2,350","$2,350","$2,350",800,$2.94,1933,0,Garage,Call,1+Year,Unfurnished,,"6,393"
26642627,,5530,5530   Owensmouth Ave #108,Woodland Hills,91367,1,1.00 (0 1 0 0),,,,"$2,350","$4,700","$2,350",610,$3.85,1987,2,Community,Call,1+Year,Unfurnished,310-962-6942,"70,398"
26642881,Apartment,186,186  N Clark Dr ,Beverly Hills,90211,1,1.00 (1 0 0 0),,,,"$2,350","$2,350","$2,350",665,$3.53,1938,1,"Community,Room",Call,1+Year,Unfurnished,413-883-1197,"6,860"
P1-25603PF,Apartment,4423,4423   Ambrose AVE #5,LOS ANGELES,90027,1,1.00 (1 0 0 0),,$0.00,,"$2,350","$2,350","$2,350",750,$3.13,1967,1,Community,,1-Year,Unfurnished,(818) 275-4809,"7,062"
P1-25617PF,Apartment,4415,4415   Ambrose AVE #9,LOS ANGELES,90027,1,1.00 (1 0 0 0),,$0.00,,"$2,350","$2,350","$2,350",815,$2.88,1965,1,Community,,1-Year,Unfurnished,(818) 275-4809,"8,196"
26643017,Apartment,3807,3807   Wilshire Blvd  #1208,Los Angeles,90010,1,1.00 (1 0 0 0),,,,"$2,370",$900,"$2,370",485,$4.89,,1,In Unit,Call,1+Year,Unfurnished,323-828-8870,"162,412"
26642361,,1784,1784   N Sycamore Ave  ,Los Angeles,90028,2,2.00 (2 0 0 0),,,,"$2,390","$2,390","$2,390",,$0,,1,Laundry Area,Call,1+Year,Unfurnished,323-907-0749,"5,000"
TR26019135MR,Apartment,1194,1194  W 39th ST ,LOS ANGELES,90037,2,1.00 (1 0 0 0),,$200.00,50,"$2,390","$2,390","$2,390",750,$3.19,1960,1,None,,Negotiable,,626-523-1697,"11,015"
SR26018399MR,Apartment,5855,5855   Tujunga AVE #2,NORTH HOLLYWOOD,91601,2,1.00 (1 0 0 0),,$0.00,,"$2,395","$2,395","$2,395",800,$2.99,1978,1,Laundry Area,No,1-Year,Unfurnished,818-640-3776,100
GD26017480IT,Apartment,3123,3123   Foothill BLVD #30,LA CRESCENTA,91214,1,1.00 (1 0 0 0),,"$1,000.00",,"$2,395","$2,400","$2,395",650,$3.68,1959,1,"Dryer,Dryer Included,Inside,Washer,Washer Included",,1-Year,Unfurnished,818-860-3177,"42,735"
26642049,,2494,2494 1/2  Loy Ln ,Los Angeles,90041,0,1.00 (1 0 0 0),,,,"$2,395","$2,395","$2,395",450,$5.32,1936,1,In Unit,Yes,1-Year,Unfurnished,310-488-4642,"6,934"
26642645,,925,925  S Holt Ave #2,Los Angeles,90035,1,1.00 (1 0 0 0),,,,"$2,395","$2,395","$2,395","8,047",$0.30,1958,0,Community,Yes,1-Year,Unfurnished,805-824-9110,"7,450"
26643825,,1462,1462  S Shenandoah  #3,Los Angeles,90035,1,1.00 (1 0 0 0),,,,"$2,395","$2,395","$2,395",750,$3.19,,0,In Unit,Yes,"1+Year,Negotiable",Unfurnished,424-352-1555,750
26643749,,10936,10936   Hartsook St #A,North Hollywood,91601,1,1.00 (1 0 0 0),,$0.00,,"$2,395","$2,395","$2,395",700,$3.42,1962,1,Laundry Closet Stacked,Yes,1+Year,Unfurnished,310-666-9682,"6,751"
26643541,Apartment,908,908  S Normandie Ave #9,Los Angeles,90006,1,1.00 (1 0 0 0),,,,"$2,400","$2,400","$2,400",700,$3.43,1924,0,Other,Yes,1+Year,Unfurnished,424-388-2090,"6,402"
26643567,,1910,1910  S Shenandoah St #1/4,Los Angeles,90034,1,1.00 (1 0 0 0),,,,"$2,400","$2,400","$2,400",600,$4,1947,0,Other,Yes,1+Year,Unfurnished,424-388-2090,"8,562"
26643449,Apartment,3506,3506  W Pico Blvd #7,Los Angeles,90019,1,1.00 (1 0 0 0),,,,"$2,400","$2,400","$2,400",700,$3.43,1922,0,Other,Yes,1+Year,Unfurnished,424-388-2090,"11,254"
26641801,Apartment,1026,1026  S Flower St #17,Inglewood,90301,2,1.00 (1 0 0 0),,,,"$2,400","$2,400","$2,400",780,$3.08,1960,1,"Community,Room",Yes,12 Months,Unfurnished,310-844-4812,"18,391"
26638987,,1217,1217   9th St #1,Santa Monica,90401,0,1.00 (1 0 0 0),,,,"$2,400","$1,000","$2,400",360,$6.67,1924,0,Community,Call,12 Months,Unfurnished,310-780-9495,"7,517"
26642187,,11945,11945   Sonoma Way ,Porter Ranch,91326,1,1.00 (1 0 0 0),,,,"$2,400","$2,400","$2,400",560,$4.29,1976,0,"Room,Inside,In Unit",No,"12 Months,1+Year",Unfurnished,310-270-1532,"11,037"
26642091,Apartment,3660,3660   Watseka Ave #1,Los Angeles,90034,1,1.00 (1 0 0 0),,,,"$2,400","$2,300","$2,400",770,$3.12,1970,1,Community,Yes,"1+Year,1-Year,12 Months",Unfurnished,213-442-0211,"6,747"
OC26016779MR,Apartment,3810,3810  W Heffron DR #B,BURBANK,91505,1,1.00 (1 0 0 0),,$500.00,100,"$2,400","$2,500","$2,400",740,$3.24,1949,1,Inside,,1-Year,,818-437-7663,"6,527"
SB26017980MR,Apartment,507,507   Avenue G  #H,REDONDO BEACH,90277,2,1.00 (1 0 0 0),,$0.00,,"$2,400","$2,400","$2,400",830,$2.89,1958,1,Community,,1-Year,Unfurnished,310-561-4731,"12,935"
SR26018476MR,Condominium,5515,5515   Canoga AVE #231,WOODLAND HILLS,91367,1,1.00 (1 0 0 0),,$500.00,,"$2,400","$2,000","$2,400",690,$3.48,1987,2,Laundry Area,,1-Year,Unfurnished,310-866-8601,"65,448"
SR26017385MR,Condominium,28164,28164   Robin AVE ,SAUGUS,91350,2,1.00 (1 0 0 0),,$0.00,100,"$2,400","$2,400","$2,400",799,$3.00,1975,2,Community,No,1-Year,Unfurnished,818-448-4595,
SB26013059MR,Apartment,526,526   Shepard ST ,SAN PEDRO,90731,2,1.00 (1 0 0 0),,$500.00,,"$2,450","$2,450","$2,450",700,$3.50,1930,1,None,,1-Year,Unfurnished,310-987-9103,"6,102"
GD26020071IT,Apartment,1004,1004  E Garfield  #8,GLENDALE,91205,2,2.00 (2 0 0 0),,$0.00,,"$2,450","$2,450","$2,450",900,$2.72,1987,0,"Community,Laundry Area",,1-Year,Unfurnished,818-437-2433,"8,566"
GD26017642IT,Apartment,1004,1004  E Garfield  #5,GLENDALE,91205,2,2.00 (2 0 0 0),,$0.00,,"$2,450","$2,450","$2,450",900,$2.72,1987,0,"Community,Laundry Area",,1-Year,Unfurnished,818-437-2433,"8,566"
P1-25628PF,,1107,1107  E Howard ST ,PASADENA,91104,2,1.00 (1 0 0 0),,$0.00,,"$2,450","$2,450","$2,450",600,$4.08,1923,2,"Gas Dryer Hookup,Washer Hookup",No,,Unfurnished,,"3,429"
26642115,,1215,1215   Amethyst St #D,Redondo Beach,90277,1,1.00 (1 0 0 0),,,,"$2,450","$2,450","$2,450",650,$3.77,1963,1,Community,Call,1+Year,Unfurnished,213-465-5035,"5,395"
26642079,,1353,1353  W 36th Pl #3,Los Angeles,90007,2,1.00 (1 0 0 0),,,,"$2,450","$2,450","$2,450",725,$3.38,,0,Community,Call,"1+Year,1-Year,12 Months",Unfurnished,213-503-8070,"6,894"
26643961,,933,933  S Norton Ave #5,Los Angeles,90019,2,1.00 (1 0 0 0),,,,"$2,450","$2,000","$2,450",820,$2.99,1958,2,Laundry Area,Call,1+Year,Unfurnished,213-276-2727,"8,367"
AR26019034MR,,330,330   S Almansor St ,ALHAMBRA,91801,2,2.00 (1 0 1 0),,$500.00,50,"$2,450","$2,450","$2,450","1,000",$2.45,1924,4,Laundry Area,,1-Year,Unfurnished,626-320-2919,"7,503"
26644405,Apartment,1446,1446  S COCHRAN AVE #1,LOS ANGELES,90019,2,1.00 (1 0 0 0),,,,"$2,450","$2,450","$2,450",810,$3.02,1960,1,Community,Call,1+Year,Unfurnished,310-666-0961,"6,849"
26643649,Apartment,3345,3345   Wilshire Blvd  #804,Los Angeles,90005,1,1.00 (1 0 0 0),,,,"$2,470",$900,"$2,470",627,$3.94,,1,In Unit,Call,1+Year,Unfurnished,323-828-8870,"22,651"
WS26015623MR,Apartment,343,343  N 3rd  ,ALHAMBRA,91801,2,1.00 (1 0 0 0),,$0.00,,"$2,480","$2,480","$2,480",850,$2.92,1969,2,"Community,Dryer,Dryer Included,Washer,Washer Included",,1-Year,Unfurnished,626-823-0067,"9,151"
26642173,,3567,3567   Chesapeake Ave #504,Los Angeles,90016,1,1.00 (1 0 0 0),,,,"$2,488","$2,695","$2,488",700,$3.55,,1,In Unit,Call,1+Year,Unfurnished,323-633-8077,700
26642565,Apartment,12958,12958   Valleyheart Dr #6,Studio City,91604,1,1.00 (1 0 0 0),,,,"$2,495","$2,495","$2,495","1,050",$2.38,1962,1,Community,Yes,1+Year,Unfurnished,213-797-5559,"23,710"
26642929,Apartment,5932,5932 1/2  Willoughby Ave ,Hollywood,90038,1,1.00 (1 0 0 0),,,,"$2,495","$2,495","$2,495",,$0,1931,1,"In Unit,Room",No,1-Year,Unfurnished,310-497-2791,"6,495"
26644245,,1445,1445  N ALTA VISTA  ,LOS ANGELES,90046,1,1.00 (1 0 0 0),,,,"$2,495","$2,495","$2,495",850,$2.94,1940,1,Garage,Call,1+Year,Unfurnished,310-804-6655,"8,608"
P1-25573PF,Apartment,715,715   Prospect AVE #11,SOUTH PASADENA,91030,1,1.00 (1 0 0 0),,$0.00,,"$2,495","$2,495","$2,495",850,$2.94,1963,1,Community,,1-Year,Unfurnished,(818) 275-4809,"24,194"
PW26017430MR,Single Family,8966,8966 A  Gunn AVE ,WHITTIER,90605,1,1.00 (1 0 0 0),,$0.00,,"$2,495","$3,995","$2,495",333,$7.49,1950,0,"Dryer,Dryer Included,Gas Dryer Hookup,In Closet,Washer,Washer Included",,1-Year,Unfurnished,562-225-5728,"6,570"
SR26017047MR,Single Family,663,663   Eston PL #A,LANCASTER,93535,3,3.00 (2 1 0 0),,$500.00,250,"$2,650","$3,500","$2,500","1,350",$1.85,1971,0,Garage,,1-Year,Unfurnished,818-523-4582,"7,090"
GD26018431IT,Condominium,9014,9014   Burnet  #201,NORTH HILLS,91343,2,2.00 (2 0 0 0),,$0.00,,"$2,500","$2,500","$2,500","1,038",$2.41,1991,2,"Community,Laundry Area",No,1-Year,Unfurnished,818-437-2433,"24,228"
GD26017553IT,Single Family,1750,1750   Colorado BLVD #I2,LOS ANGELES,90041,1,1.00 (1 0 0 0),,$500.00,50,"$2,500","$2,500","$2,500",510,$4.90,1947,1,Laundry Area,,1-Year,Furnished,323-810-6960,"40,000"
DW26020513MR,,3622,3622   Olive ST ,HUNTINGTON PARK,90255,2,1.00 (1 0 0 0),,$0.00,,"$2,500","$2,500","$2,500",562,$4.45,1940,0,None,No,1-Year,Unfurnished,323-631-9794,"5,999"
OC26017363MR,,1065,1065   Laguna  ,LOS ANGELES,90026,0,1.00 (1 0 0 0),,$0.00,50,"$2,500","$5,000","$2,500",502,$4.98,1908,0,Inside,No,1-Year,Unfurnished,310-650-2242,"7,519"
WS26016322MR,,420,420  W Graves AVE #B,MONTEREY PARK,91754,2,1.00 (1 0 0 0),,$50.00,50,"$2,500","$2,500","$2,500",800,$3.13,1949,1,"Dryer,Dryer Included,Inside,Washer,Washer Included",,1-Year,Furnished,626-320-2382,"9,621"
SR26018162MR,,4532,4532   Eagle Rock  ,LOS ANGELES,90041,2,1.00 (1 0 0 0),,$500.00,,"$2,500","$2,500","$2,500",860,$2.91,1922,4,None,Yes,1-Year,Unfurnished,661-678-3377,"6,344"
SR26019676MR,Condominium,5403,5403   Newcastle AVE #12,ENCINO,91316,2,2.00 (2 0 0 0),,$0.00,,"$2,500","$2,500","$2,500",905,$2.76,1967,1,"Community,Laundry Area",,"1-Year,Negotiable",Unfurnished,818-445-6909,"60,914"
26644149,,7621,7621   Hampton Ave #102,West Hollywood,90046,1,1.00 (1 0 0 0),,,,"$2,500","$2,500","$2,500",750,$3.33,1955,0,In Unit,Call,1+Year,Unfurnished,310-345-3545,"6,717"
26644173,Apartment,5913,5913   Overhill Dr #1,Los Angeles,90043,2,1.00 (1 0 0 0),,,,"$2,500","$2,500","$2,500",960,$2.60,1947,1,"Inside,In Unit,Room",Yes,12 Months,Unfurnished,310-844-4812,"5,999"
82032306ML,,700,700  S Ardmore AVE ,Los Angeles,90005,2,2.00 (2 0 0 0),,,,"$2,500","$2,500","$2,500","1,390",$1.80,2005,,,,Other Lease Terms,,,0
26642595,,1101,1101  W 106th St #8,Los Angeles,90044,2,1.00 (1 0 0 0),,,,"$2,500","$2,748","$2,500","6,483",$0.39,1960,1,None,No,1+Year,Unfurnished,323-497-3099,"9,212"
26643425,,1392,1392 1/2  Edgecliffe  ,Los Angeles,90026,1,1.00 (1 0 0 0),,,,"$2,500","$2,500","$2,500",,$0,,0,None,Yes,"1+Year,12 Months",Unfurnished,310-993-4595,"13,050"
26642281,,10953,10953   Whitegate Ave ,Sunland,91040,1,1.00 (1 0 0 0),,,,"$2,500","$2,500","$2,500",500,$5,1951,1,"In Unit,In Kitchen",Call,1+Year,Unfurnished,818-472-2344,"5,435"
26638493,,1247,1247   22nd St #5,Santa Monica,90404,1,1.00 (1 0 0 0),,,,"$2,550","$2,550","$2,550",630,$4.05,1956,1,"In Unit,In Kitchen",No,1+Year,Unfurnished,310-600-7306,"6,649"
26642931,,3315,3315   Caroline Ave ##,Culver City,90232,1,1.00 (1 0 0 0),,,,"$2,550","$2,550","$2,550",750,$3.40,1952,1,Outside,Call,1-Year,Unfurnished,310-995-8658,"5,578"
AR26013015MR,Condominium,3535,3535   Legato CT ,POMONA,91766,2,2.00 (2 0 0 0),,$0.00,,"$2,550","$2,600","$2,550",930,$2.74,1988,2,Inside,No,1-Year,Unfurnished,626-374-3781,"310,335"
26643003,Apartment,3807,3807   Wilshire Blvd  #513,Los Angeles,90010,1,1.00 (1 0 0 0),,,,"$2,555",$900,"$2,555",664,$3.85,,1,In Unit,Call,1+Year,Unfurnished,323-828-8870,"162,412"
PV26015617MR,Apartment,609,609  S Meyler  ,SAN PEDRO,90731,2,2.00 (2 0 0 0),,$0.00,,"$2,575","$2,575","$2,575","1,100",$2.34,1987,1,Room,,1-Year,Unfurnished,310-989-4466,"9,612"
SR26017056MR,Condominium,19009,19009   Sherman  #34,RESEDA,91335,2,2.00 (2 0 0 0),,$0.00,,"$2,595","$2,595","$2,595",860,$3.02,1987,2,"Community,In Closet,Inside,Laundry Closet Stacked,Stackable W/D Hookup",,1-Year,Unfurnished,818-425-8516,"62,185"
SB26016041MR,Apartment,11422,11422   Iowa AVE #12,LOS ANGELES,90025,1,1.00 (1 0 0 0),,$500.00,,"$2,595","$2,595","$2,595",575,$4.51,1963,3,"Gas Dryer Hookup,Washer Hookup",,1-Year,,310-951-4381,"8,946"
SB26015474MR,,1916,1916   257th ST ,LOMITA,90717,1,1.00 (1 0 0 0),,$0.00,,"$2,700","$2,700","$2,595",575,$4.51,1922,1,Inside,No,1-Year,Unfurnished,310-995-1008,"8,577"
SB26016985MR,Apartment,3656,3656   Garnet ST #339,TORRANCE,90503,2,2.00 (2 0 0 0),,$0.00,,"$2,595","$2,595","$2,595","1,028",$2.52,1969,1,Laundry Area,No,1-Year,Unfurnished,424-732-2821,"81,808"
P1-25575PF,,208,208  N Cordova ST ,ALHAMBRA,91801,2,2.00 (2 0 0 0),,$0.00,,"$2,700","$2,600","$2,600",625,$4.16,1926,0,"Dryer,Dryer Included,In Closet,Inside,Washer,Washer Included",No,Negotiable,Unfurnished,(310) 402-3567,"5,648"
MB26018266MR,Single Family,4915,4915   Lincoln  ,LOS ANGELES,90042,1,1.00 (1 0 0 0),,$250.00,,"$2,600","$2,600","$2,600",500,$5.20,2024,0,Other,,1-Year,Unfurnished,562-412-0587,"5,217"
SR26017965MR,Condominium,25019,25019   Peachland AVE #234,NEWHALL,91321,2,2.00 (2 0 0 0),,$250.00,125,"$2,600","$2,600","$2,600",850,$3.06,1979,2,Community,,1-Year,Unfurnished,818-422-5015,
SR26018103MR,Single Family,18017,18017   Collins ST ,ENCINO,91316,1,1.00 (1 0 0 0),,$0.00,,"$2,600","$2,500","$2,600",500,$5.20,2020,0,"Dryer,Dryer Included,Washer,Washer Included",No,1-Year,Furnished,310-651-1652,"5,734"
SR26017601MR,Single Family,38616,38616   Division  ,PALMDALE,93550,3,2.00 (2 0 0 0),,$100.00,,"$2,600","$2,600","$2,600","1,280",$2.03,1985,2,"Gas Dryer Hookup,Washer Hookup",,1-Year,Unfurnished,661-718-7821,"6,931"
SR26017746MR,Single Family,676,676  E 115th  ,LOS ANGELES,90059,2,1.00 (1 0 0 0),200,$300.00,100,"$2,600","$2,600","$2,600","1,050",$2.48,1947,0,In Kitchen,,1-Year,Unfurnished,818-510-0818,"3,571"
WS26017612MR,Condominium,232,232  S Ramona AVE #C,MONTEREY PARK,91754,2,2.00 (2 0 0 0),,$0.00,,"$2,600","$2,600","$2,600",906,$2.87,1979,2,Community,No,1-Year,Unfurnished,323-309-3423,"19,189"
WS26019614MR,Apartment,429,429   Fairview AVE #1,ARCADIA,91007,2,2.00 (0 2 0 0),,$0.00,,"$2,600","$2,600","$2,600",900,$2.89,1960,0,Community,No,1-Year,Unfurnished,,"39,197"
26642677,,3568,3568  S Budlong Ave #6,Los Angeles,90007,2,1.00 (1 0 0 0),,,,"$2,600","$2,600","$2,600",915,$2.84,,2,"In Kitchen,Inside,In Unit",Call,"1+Year,1-Year,12 Months",Unfurnished,213-503-8070,"5,203"
CV26016498MR,Condominium,877,877   Francisco ST #2403,LOS ANGELES,90017,1,1.00 (1 0 0 0),,$500.00,300,"$2,600","$2,600","$2,600",695,$3.74,2017,1,In Closet,,"1-Year,Negotiable",Unfurnished,,"128,959"
26643907,Condominium,420,420  S San Pedro St #218,Los Angeles,90013,1,1.00 (1 0 0 0),,,,"$2,625","$2,625","$2,625",990,$2.65,1922,1,In Unit,Call,1+Year,Unfurnished,213-700-6416,"76,411"
26642181,,3518,3518   Chesapeake Ave #201,Los Angeles,90016,2,2.00 (2 0 0 0),,,,"$2,627","$2,845","$2,627",850,$3.09,2022,2,In Unit,Call,1+Year,Unfurnished,323-633-8077,"12,810"
26642553,,3688,3688   Overland Ave #641,Los Angeles,90034,0,1.00 (1 0 0 0),,$500.00,,"$2,645","$1,000","$2,645",350,$7.56,2023,0,In Unit,Yes,"1+Year,6 Months,12 Months",Unfurnished,310-962-5000,"4,288"
26642935,Single Family,2339,2339 1/2  Norwalk Ave ,Los Angeles,90041,1,1.00 (1 0 0 0),,,,"$2,650","$2,650","$2,650",640,$4.14,1925,0,In Unit,Call,"1-Year,12 Months",Unfurnished,323-508-3013,"7,758"
WS26015734MR,,11722,11722   216th  #B,LAKEWOOD,90715,2,2.00 (2 0 0 0),,$0.00,,"$2,650","$4,650","$2,650","1,300",$2.04,1985,1,In Closet,,"1+Year,1-Year",Unfurnished,626-420-9298,"15,137"
OC26015906MR,Apartment,125,125  N 3rd ST #D,ALHAMBRA,91801,2,2.00 (2 0 0 0),,$0.00,,"$2,650","$3,200","$2,650",894,$2.96,1987,2,Gas Or Electric Dryer Hookup,No,1-Year,Unfurnished,626-602-4161,"7,519"
IG26017200MR,Condominium,16040,16040   Leffingwell  ,WHITTIER,90603,2,2.00 (2 0 0 0),,$300.00,,"$2,650","$2,650","$2,650",960,$2.76,1969,1,In Closet,,1-Year,Unfurnished,951-288-5755,"119,260"
RS26019477MR,,2618,2618   Lime Ave ,SIGNAL HILL,90755,2,1.00 (1 0 0 0),,$300.00,50,"$2,650","$2,650","$2,650",608,$4.36,1925,2,"Garage,Washer Hookup",,Month-to-Month,Unfurnished,562 453 8189,"3,500"
AR26017768MR,Townhouse,2411,2411  S Baldwin  #A,ARCADIA,91007,2,3.00 (3 0 0 0),320,$0.00,,"$2,680","$2,680","$2,680","1,062",$2.52,1987,2,"Dryer,Dryer Included,Gas Or Electric Dryer Hookup,In Closet,Washer,Washer Included",No,1-Year,Unfurnished,626-203-3355,"17,330"
26644213,,9025,9025   Rangely Ave #9027,West Hollywood,90048,1,1.00 (1 0 0 0),,,,"$2,695","$2,695","$2,695",750,$3.59,1938,0,Community,Yes,1-Year,Unfurnished,310-650-9696,"7,774"
26642617,,645,645  W 9th St #620,Los Angeles,90015,1,1.00 (1 0 0 0),,,,"$2,695","$2,695","$2,695",890,$3.03,2006,1,In Unit,Yes,1+Year,Unfurnished,213-618-6300,"74,742"
PW26017434MR,Single Family,8966,8966   Gunn AVE #B,WHITTIER,90605,1,1.00 (1 0 0 0),,$0.00,,"$2,695","$3,995","$2,695",365,$7.38,1950,0,"Dryer,Dryer Included,Gas Dryer Hookup,In Closet,Washer,Washer Included",,1-Year,Unfurnished,562-225-5728,"6,570"
P1-25613PF,Apartment,524,524  E Palm AVE #8,BURBANK,91501,2,2.00 (2 0 0 0),,$0.00,,"$2,695","$2,695","$2,695","1,039",$2.59,1959,2,Community,,1-Year,Unfurnished,(818) 275-4809,"7,664"
GD26016747IT,,842,842  E Cypress AVE ,BURBANK,91501,1,1.00 (1 0 0 0),,$0.00,,"$2,700","$2,700","$2,700",660,$4.09,2025,1,Inside,No,1-Year,Unfurnished,818-437-2433,"6,415"
TR26018057MR,Condominium,22794,22794   Lakeway DR #470,DIAMOND BAR,91765,2,2.00 (2 0 0 0),,"$1,000.00",200,"$2,700","$2,700","$2,700",912,$2.96,1987,2,"Dryer,Dryer Included,In Closet,Inside,Laundry Area,Laundry Closet Stacked,Stackable W/D Hookup,Washer,Washer Included",No,1-Year,Unfurnished,626-379-9118,"181,330"
26643361,,336,336  S Wilton Pl #336 1/2,Los Angeles,90020,2,2.00 (2 0 0 0),,,,"$2,700","$2,700","$2,700","1,100",$2.45,1923,2,In Unit,Call,1+Year,Unfurnished,213-705-1111,"6,862"
26641671,Condominium,1355,1355  N Sierra Bonita Ave #311,West Hollywood,90046,1,1.00 (1 0 0 0),,,,"$2,700","$2,500","$2,700",706,$3.82,1986,1,Community,Call,1+Year,Unfurnished,424-234-9493,"16,832"
26644443,,2631,2631 2631 1/2 W 17th St ,Los Angeles,90019,2,1.00 (1 0 0 0),,,,"$2,700","$2,700","$2,700","1,107",$2.44,1910,2,Other,No,1+Year,Unfurnished,818-913-5561,"5,064"
CV26009351MR,Single Family,540,540  N Howard  ,COVINA,91723,2,1.00 (1 0 0 0),,$0.00,,"$2,700","$2,700","$2,700",826,$3.27,1952,1,"Inside,Room",No,1-Year,Unfurnished,951-315-3131,"7,382"
26643637,Apartment,3345,3345   Wilshire Blvd  #801,Los Angeles,90005,2,1.00 (1 0 0 0),,,,"$2,715","$1,000","$2,715",681,$3.99,,1,In Unit,Call,1+Year,Unfurnished,323-828-8870,"22,651"
26643639,Apartment,3345,3345   Wilshire Blvd  #1001,Los Angeles,90005,2,1.00 (1 0 0 0),,,,"$2,735","$1,000","$2,735",681,$4.02,,1,In Unit,Call,1+Year,Unfurnished,323-828-8870,"22,651"
CV26016596MR,Condominium,1145,1145   Roswell  #204,LONG BEACH,90804,2,2.00 (2 0 0 0),,$500.00,,"$2,750","$2,750","$2,750",855,$3.22,1988,2,Community,,"1+Year,1-Year",Unfurnished,909-964-1880,"16,667"
26641929,Apartment,604,604   Venezia Ave #2,Venice,90291,1,1.00 (1 0 0 0),,$500.00,,"$2,750","$3,000","$2,750",500,$5.50,1951,1,In Unit,Call,1-Year,Both,323-573-4995,"5,315"
26642405,Condominium,698,698  S Berendo St #103,Los Angeles,90005,2,2.00 (2 0 0 0),,,,"$2,750","$2,750","$2,750","1,180",$2.33,1982,2,In Unit,Call,1+Year,Unfurnished,310-734-9522,"7,979"
SR26017569MR,Single Family,2823,2823  E Avenue R13  ,PALMDALE,93550,3,2.00 (2 0 0 0),,$0.00,,"$2,750","$3,000","$2,750","1,294",$2.13,1979,2,Other,No,1-Year,Unfurnished,818-383-2864,"6,196"
OC26019856MR,Single Family,4276,4276   Maxson  ,EL MONTE,91732,2,2.00 (2 0 0 0),,$0.00,,"$2,750","$2,750","$2,750","1,000",$2.75,1948,0,"Gas Dryer Hookup,Inside,Washer Hookup",No,1-Year,Unfurnished,714-720-5447,"10,783"
RS26019388MR,,2616,2616   Lime  ,SIGNAL HILL,90755,2,1.00 (1 0 0 0),,$300.00,50,"$2,750","$2,750","$2,750",608,$4.52,1925,1,"Garage,Washer Hookup",,Month-to-Month,Unfurnished,562 453 8189,"3,500"
SB26017261MR,Condominium,815,815  S Grand AVE #7,SAN PEDRO,90731,2,2.00 (2 0 0 0),,$0.00,100,"$2,750","$1,700","$2,750","1,090",$2.52,2007,4,Laundry Area,,1+Year,Unfurnished,310-347-6816,"9,005"
SR26016442MR,Condominium,18350,18350   Hatteras Street ,TARZANA,91356,2,2.00 (2 0 0 0),,$250.00,,"$2,750","$2,750","$2,750",870,$3.16,1972,2,In Closet,,1-Year,Unfurnished,310-800-3064,
26643009,Apartment,3807,3807   Wilshire Blvd  #1217,Los Angeles,90010,1,1.00 (1 0 0 0),,,,"$2,770",$900,"$2,770",664,$4.17,,1,In Unit,Call,1+Year,Unfurnished,323-828-8870,"162,412"
26642605,Apartment,2749,2749  S Sepulveda Blvd ,Los Angeles,90064,2,1.00 (1 0 0 0),,,,"$2,795","$2,795","$2,795",870,$3.21,1938,1,In Unit,Yes,12 Months,Unfurnished,310-422-0858,"4,883"
26642905,Apartment,1260,1260  S Corning ST #306,LOS ANGELES,90035,1,2.00 (1 0 1 0),,,,"$2,795","$2,795","$2,795",990,$2.82,2010,1,In Unit,Yes,"1-Year,1+Year",Unfurnished,310-625-3001,"48,275"
26642327,,1323,1323   11th St #6,Santa Monica,90401,1,1.00 (1 0 0 0),,,,"$2,795","$3,045","$2,795",750,$3.73,1958,1,Community,Call,"1+Year,12 Months",Unfurnished,424-258-4651,"7,485"
BB26020425MR,Single Family,15549,15549   Ludlow  #A,MISSION HILLS,91345,2,1.00 (1 0 0 0),,$500.00,,"$2,795","$2,200","$2,795",840,$3.33,1953,0,Inside,,"1+Year,1-Year",Unfurnished,818-818-0351,"7,081"
CV26015926MR,Condominium,951,951  S Idaho  #69,LA HABRA,90631,2,2.00 (2 0 0 0),,$0.00,,"$2,800","$2,800","$2,800",931,$3.01,1973,2,Community,No,1-Year,Unfurnished,626-536-0306,"498,429"
AR26017981MR,,172,172  N Winton  ,LA PUENTE,91744,3,2.00 (2 0 0 0),,$500.00,,"$2,800","$2,800","$2,800","1,224",$2.29,1956,2,Laundry Area,,1-Year,Unfurnished,626-823-6679,"5,896"
26642279,Apartment,1630,1630  W 104th St #A,Los Angeles,90044,2,1.00 (1 0 0 0),,,,"$2,800","$2,800","$2,800",850,$3.29,1983,1,None,No,1+Year,Unfurnished,310-621-4625,"5,310"
26642037,Apartment,128,128  S Westmoreland Ave #1,Los Angeles,90004,2,2.00 (2 0 0 0),,,,"$2,800","$2,800","$2,800",888,$3.15,1926,1,Other,Yes,1+Year,Unfurnished,424-388-2090,"7,936"
26639859,,1100,1100   Wilshire Blvd #2805,Los Angeles,90017,1,1.00 (1 0 0 0),,,,"$2,800","$2,800","$2,800",800,$3.50,1986,2,In Unit,Call,1+Year,Unfurnished,213-458-0787,"27,106"
26642849,Condominium,1155,1155  S GRAND AVE #1315,LOS ANGELES,90015,1,1.00 (1 0 0 0),,,,"$2,800","$2,800","$2,800",900,$3.11,2008,1,"In Unit,Laundry Area,Laundry Closet Stacked,Inside",No,1-Year,Unfurnished,213-448-0957,"52,756"
SR26016153MR,,12335,12335   Allin ST ,CULVER CITY,90230,0,1.00 (1 0 0 0),,$500.00,,"$2,800",$0,"$2,800",400,$7,1953,1,"Inside,Washer,Washer Included",Yes,1-Year,Unfurnished,818-943-8304,"6,187"
SR26009489MR,Condominium,25933,25933   Stafford Canyon RD #D,STEVENSON RANCH,91381,2,2.00 (2 0 0 0),,$400.00,,"$2,800","$2,800","$2,800","1,025",$2.73,1991,2,"Dryer,Dryer Included,Washer,Washer Included",,"1+Year,1-Year",Unfurnished,661-607-1769,"14,367"
WS26011596MR,Apartment,836,836  S Sierra Vista  #A,ALHAMBRA,91801,3,2.00 (1 0 1 0),,$0.00,,"$2,800","$2,800","$2,800","1,158",$2.42,1987,2,"Dryer,Dryer Included,Inside,Laundry Closet Stacked,On Upper Level,Stackable W/D Hookup,Washer,Washer Hookup,Washer Included",,1-Year,Unfurnished,626-251-3389,"9,641"
WS26016494MR,Single Family,1721,1721   Viridan AVE ,LANCASTER,93534,3,2.00 (2 0 0 0),,$0.00,,"$2,800","$2,900","$2,800","1,299",$2.16,1987,2,"Gas Dryer Hookup,Inside,Washer Hookup",,1-Year,Unfurnished,310-905-5999,"6,978"
SB26015318MR,Single Family,20832,20832   Henrietta ST ,TORRANCE,90503,1,1.00 (1 0 0 0),,$0.00,,"$2,850","$2,850","$2,850",550,$5.18,2018,0,"Dryer,Dryer Included,Inside,Laundry Closet Stacked,Stackable W/D Hookup,Washer,Washer Included",No,Other,Furnished,310-864-1233,"6,000"
P1-25583PF,,88,88  S Berkeley AVE ,PASADENA,,2,1.00 (1 0 0 0),,$0.00,,"$2,850","$2,850","$2,850",800,$3.56,1920,1,Community,,"1-Year,Negotiable",Unfurnished,,"8,700"
P1-25567PF,,2084,2084  E Washington BLVD ,PASADENA,91104,2,1.00 (1 0 0 0),,$500.00,,"$2,850","$2,850","$2,850",876,$3.25,1929,0,None,,1-Year,Unfurnished,(818) 469-8498,"8,063"
26643913,,1050,1050  S Wooster St #3,Los Angeles,90035,2,2.00 (2 0 0 0),,,,"$2,850","$2,850","$2,850",,$0,,1,Community,Call,"1+Year,12 Months",Unfurnished,323-443-6005,0
WS26018882MR,Apartment,424,424   Concord  #1,MONROVIA,91016,2,2.00 (2 0 0 0),2880,$0.00,50,"$2,880","$2,880","$2,880",800,$3.60,2025,1,Inside,,1-Year,Unfurnished,626-662-5236,"15,885"
26642791,,1919,1919  W 36th St ,Los Angeles,90018,3,2.00 (2 0 0 0),,,,"$2,890","$5,780","$2,890","1,200",$2.41,1950,1,In Kitchen,Call,"1+Year,1-Year,Negotiable",Unfurnished,310-409-9797,"4,841"
26643083,,222,222  S Avenue 63  #1,Los Angeles,90042,1,1.00 (1 0 0 0),,,,"$2,895","$2,895","$2,895",682,$4.24,1963,2,Community,Call,1+Year,Unfurnished,310-720-0993,"4,635"
26644195,,508,508  N Pacific Coast Hwy ,Redondo Beach,90277,2,1.00 (1 0 0 0),,,,"$2,895","$2,895","$2,895",600,$4.83,1909,0,"Laundry Area,Community",Yes,1+Year,Unfurnished,3109138112,"7,379"
26643671,Apartment,425,425  S Willaman Dr #307,Los Angeles,90048,1,1.00 (1 0 0 0),,,,"$2,895","$2,895","$2,895",,$0,1964,1,"In Closet,In Unit,Laundry Closet Stacked",Yes,1+Year,Unfurnished,619-301-6965,"19,511"
P1-25564PF,,2143,2143  N Windsor AVE #C,ALTADENA,91001,2,1.00 (1 0 0 0),,$0.00,25,"$2,895","$2,895","$2,895",800,$3.62,1963,2,"Dryer,Dryer Included,Room,Washer,Washer Included",,,Unfurnished,(818) 439-1493,"5,940"
SB26015094MR,Single Family,18201,18201   Topham  ,TARZANA,91335,2,1.00 (1 0 0 0),,$0.00,,"$2,895","$2,895","$2,895",860,$3.37,1948,0,In Kitchen,,1-Year,Unfurnished,,"19,750"
PW25271521MR,Single Family,907,907  W Arbutus ST ,COMPTON,90220,2,1.00 (1 0 0 0),,$0.00,,"$2,900","$2,000","$2,900",760,$3.82,1941,2,"Electric Dryer Hookup,Gas Or Electric Dryer Hookup,Hookup - Electric",Yes,1-Year,Unfurnished,714-348-1774,"6,252"
TR26015595MR,Single Family,136,136  S Marcile AVE ,GLENDORA,91741,2,1.00 (1 0 0 0),,$0.00,,"$2,900","$4,350","$2,900",816,$3.55,1946,2,"Dryer,Dryer Included,Outside,Washer,Washer Included",No,1-Year,Unfurnished,626-610-5777,"6,917"
TR26017747MR,Condominium,360,360  S Los Robles AVE #7,PASADENA,91101,2,2.00 (2 0 0 0),,$500.00,,"$2,900","$4,000","$2,900",965,$3.01,1989,2,In Closet,,1-Year,Unfurnished,626-823-0684,"14,570"
SR26017756MR,Single Family,674,674  E 115th  ,LOS ANGELES,90059,2,1.00 (1 0 0 0),100,$300.00,100,"$2,900","$2,900","$2,900","1,530",$1.90,1947,0,"Dryer,Dryer Included,Gas Dryer Hookup,In Kitchen,Washer Hookup",,1-Year,Unfurnished,818-510-0818,"4,550"
26643527,,7548,7548  W HAMPTON AVE #205,WEST HOLLYWOOD,90046,2,2.00 (2 0 0 0),,,,"$2,900","$2,900","$2,900","1,100",$2.64,1963,1,Community,Call,1+Year,Unfurnished,310-995-3429,"1,000"
26644219,,6820,6820  S Van Ness Ave ,Los Angeles,90047,2,1.00 (1 0 0 0),,,,"$2,900","$2,900","$2,900","2,064",$1.41,1948,1,Community,No,"12 Months,1+Year",Unfurnished,,"5,002"
26644241,,6822,6822  S Van Ness  ,Los Angeles,90047,2,1.00 (1 0 0 0),,,,"$2,900","$2,900","$2,900",730,$3.97,,1,Community,No,"12 Months,1+Year",Unfurnished,,"5,000"
26644339,,1440,1440   Reeves St #108,Los Angeles,90035,2,2.00 (2 0 0 0),,,,"$2,900","$2,900","$2,900","1,400",$2.07,1962,1,Community,Call,1+Year,Unfurnished,310-989-2217,"20,081"
26644347,,1440,1440   Reeves St #203,Los Angeles,90035,2,2.00 (2 0 0 0),,,,"$2,900","$2,900","$2,900","1,200",$2.42,1962,1,"Laundry Area,Community",Call,1+Year,Unfurnished,310-989-2217,"20,081"
26644349,,1440,1440   Reeves St #103,Los Angeles,90035,2,2.00 (2 0 0 0),,,,"$2,900","$2,900","$2,900","1,200",$2.42,1962,1,"Laundry Area,Community",Call,1+Year,Unfurnished,310-989-2217,"20,081"
AR26018841MR,Condominium,497,497  S El Molino AVE #306,PASADENA,91101,2,2.00 (2 0 0 0),150,$0.00,100,"$2,900","$2,000","$2,900",969,$2.99,1972,1,Laundry Area,No,1-Year,Unfurnished,626-824-4464,"25,749"
CV26019736MR,Condominium,13514,13514   Village DR #3/4,CERRITOS,90703,2,2.00 (1 0 1 0),,$500.00,50,"$2,900","$2,900","$2,900",823,$3.52,1971,1,Community,,"1-Year,Negotiable",Unfurnished,909-716-8833,
26643455,Apartment,3506,3506  W Pico Blvd #12,Los Angeles,90019,2,1.00 (1 0 0 0),,,,"$2,900","$2,900","$2,900",800,$3.63,1922,0,Other,Yes,1+Year,Unfurnished,424-388-2090,"11,254"
26642799,,917,917  S Berendo St #201,Los Angeles,90006,2,3.00 (2 0 1 0),,,,"$2,950","$2,950","$2,950","1,269",$2.32,,2,"In Closet,In Unit,Inside",Call,1+Year,Furnished,310-345-3545,"7,758"
26642509,,10601,10601   Washington Blvd #215,Culver City,90232,0,1.00 (1 0 0 0),,$500.00,,"$2,950","$1,000","$2,950",638,$4.62,2018,1,In Unit,Yes,"6 Months,1+Year,12 Months",Unfurnished,310-962-5000,"38,823"
26642673,,7925,7925   Norton Ave #7923,West Hollywood,90046,1,1.00 (1 0 0 0),,,,"$2,950","$4,756","$2,950",,$0,,0,In Unit,No,1+Year,Both,310-614-1470,700
26642317,,14811,14811   Erwin St ,Van Nuys,91411,2,2.00 (2 0 0 0),,,,"$2,950","$2,950","$2,950","1,150",$2.57,2024,1,In Unit,Call,1-Year,Unfurnished,818-402-4772,"18,771"
BB26011855MR,Single Family,636,636   Pioneer  #A,GLENDALE,91203,2,2.00 (2 0 0 0),,$100.00,100,"$2,950","$2,950","$2,950",800,$3.69,2025,0,"Dryer,Dryer Included,Washer,Washer Included",,Month-to-Month,Unfurnished,818-472-6167,"6,051"
PW26016261MR,Apartment,152,152  N Mariposa  ,LOS ANGELES,90004,2,2.00 (2 0 0 0),,$0.00,,"$2,950","$2,950","$2,950","1,000",$2.95,2024,1,Inside,,1-Year,Unfurnished,323-819-0035,"6,013"
SB26019580MR,Apartment,1645,1645   259 ST ,HARBOR CITY,90710,3,2.00 (2 0 0 0),,$0.00,,"$2,950","$2,950","$2,950","1,050",$2.81,2021,2,"Dryer,Dryer Included,In Closet,Washer,Washer Included",No,1-Year,Unfurnished,2132156271,"10,000"
26641917,,652,652   Mateo St #201,Los Angeles,90021,1,1.00 (1 0 0 0),,,,"$2,953","$3,200","$2,953","1,020",$2.90,1922,1,In Unit,Yes,1+Year,Unfurnished,213-700-6515,"11,232"
26642649,Apartment,1051,1051  S Sherbourne Dr #6,Los Angeles,90035,2,2.00 (2 0 0 0),,,,"$2,995","$3,295","$2,995",0,$0,1964,1,"In Kitchen,Inside,In Unit",Yes,"1+Year,1-Year",Unfurnished,805-824-9110,"6,407"
BB26018376MR,Apartment,2616,2616   Canada  #308,GLENDALE,91208,2,2.00 (2 0 0 0),,$500.00,,"$2,995","$2,000","$2,995","1,100",$2.72,1986,2,"Community,Laundry Area",,"1+Year,1-Year",Unfurnished,818-818-0351,"12,581"
P1-25619PF,Apartment,1111,1111   Echo Park AVE #303,LOS ANGELES,90026,1,1.00 (1 0 0 0),,$0.00,,"$2,995","$2,995","$2,995",740,$4.05,2020,1,"Dryer,Dryer Included,In Closet,Washer,Washer Included",,1-Year,Unfurnished,(818) 275-4809,"8,513"
P1-25623PF,Apartment,4018,4018   Camero AVE #2,LOS ANGELES,90027,2,1.00 (1 0 0 0),,$0.00,,"$2,995","$2,995","$2,995",900,$3.33,1988,2,Community,,1-Year,Unfurnished,(818) 275-4809,"5,357"
SR26017790MR,Single Family,17503,17503   Kingsbury  ,GRANADA HILLS,91344,2,1.00 (1 0 0 0),,$500.00,,"$2,999","$3,600","$2,999",965,$3.11,1947,1,"Gas Dryer Hookup,Washer Hookup",,1-Year,Unfurnished,818-554-5050,"2,000"
26643739,Townhouse,17610,17610   Sherman Way #3,Van Nuys,91406,2,3.00 (2 0 1 0),,,,"$2,999","$2,999","$2,999","1,250",$2.40,2024,2,"In Closet,In Unit,Inside,Laundry Closet Stacked,On Upper Level",Yes,"1+Year,12 Months,24 Months",Unfurnished,323-284-5979,"7,496"
CV26014729MR,Townhouse,511,511  N Azusa AVE #203,AZUSA,91702,2,3.00 (3 0 0 0),,$0.00,,"$3,000","$3,000","$3,000","1,285",$2.33,2025,2,"Dryer,Dryer Included,In Closet,Washer,Washer Included",,1-Year,Unfurnished,626-633-6554,"7,007"
AR26019006MR,,274,274 1/2 W Laurel  ,SIERRA MADRE,91024,2,1.00 (1 0 0 0),,$250.00,25,"$3,000","$3,000","$3,000",720,$4.17,1951,2,"Inside,Laundry Closet Stacked,Stackable W/D Hookup",,1-Year,Unfurnished,626-253-1323,"12,664"
26643025,,1339,1339   Garfield Ave ,South Pasadena,91030,1,1.00 (1 0 0 0),,,,"$3,000","$3,000","$3,000",900,$3.33,1964,2,In Unit,No,1+Year,Unfurnished,213-342-7575,"20,267"
26642993,,4232,4232 1/2  Rosewood Ave ,Los Angeles,90004,2,2.00 (2 0 0 0),,,,"$3,000","$3,000","$3,000","1,100",$2.73,,1,"In Unit,Inside,Laundry Closet Stacked",Yes,"1+Year,1-Year",Unfurnished,310-770-9305,0
26642995,,4232,4232   Rosewood Ave ,Los Angeles,90004,2,2.00 (2 0 0 0),,,,"$3,000","$3,000","$3,000","1,100",$2.73,,1,"In Unit,Inside,Laundry Closet Stacked",Yes,"1+Year,1-Year",Unfurnished,310-770-9305,0
26640069,Townhouse,13959,13959   Victory Blvd #3,Van Nuys,91401,2,3.00 (2 0 1 0),,,,"$3,000","$3,000","$3,000","1,184",$2.53,1980,2,In Closet,Call,1-Year,Unfurnished,310-272-3977,"17,166"
226000391VC,Townhouse,28825,28825   Conejo View DR ,AGOURA HILLS,91301,2,2.00 (1 0 1 0),,,,"$3,000","$3,000","$3,000",981,$3.06,1976,2,,Yes,,Unfurnished,(747) 746-9817,"2,000"
SR26018342MR,Condominium,5545,5545   Canoga AVE #104,WOODLAND HILLS,91367,3,2.00 (2 0 0 0),,$250.00,,"$3,000","$3,000","$3,000","1,020",$2.94,1987,2,Inside,,1-Year,Unfurnished,818-636-1000,"68,084"
SR26018385MR,Condominium,5515,5515   Canoga  #127,WOODLAND HILLS,91367,2,2.00 (2 0 0 0),,$500.00,,"$3,000","$3,000","$3,000",920,$3.26,1987,2,"Dryer,Dryer Included,Inside,Laundry Closet Stacked,Stackable W/D Hookup,Washer,Washer Included",,"1+Year,1-Year,Negotiable",Unfurnished,310-430-6799,"65,468"
OC26015703MR,,239,239 1/2  Coronado AVE ,LONG BEACH,90803,1,1.00 (1 0 0 0),,$0.00,50,"$3,000","$3,000","$3,000",800,$3.75,1919,0,"Gas Dryer Hookup,Inside,Laundry Closet Stacked,Other,Stackable W/D Hookup",No,"1+Year,1-Year,Negotiable",Unfurnished,714-315-8323,"8,127"
DW26019342MR,Single Family,3608,3608 1/2 W 116th  ,INGLEWOOD,90303,2,2.00 (2 0 0 0),,$500.00,,"$3,000","$3,000","$3,000","1,091",$2.75,2025,0,Inside,,1-Year,Unfurnished,562-412-7765,"7,814"
SB26020102MR,,609,609 1/2  Knob Hill  ,REDONDO BEACH,90277,1,1.00 (0 1 0 0),,$0.00,,"$3,000","$3,000","$3,000",600,$5,1905,0,"Inside,Laundry Closet Stacked,Stackable W/D Hookup",No,Month-to-Month,Furnished,310-480-3265,"7,039"
SR26016761MR,,6905,6905   Noble  ,VAN NUYS,91405,2,1.00 (1 0 0 0),,$500.00,,"$3,000","$3,000","$3,000",480,$6.25,2026,0,"Inside,Laundry Closet Stacked,Stackable W/D Hookup",,1-Year,Unfurnished,818-941-5944,"5,957"
PW26019165MR,,5125,5125   E Ocean Blvd ##B,LONG BEACH,90803,1,1.00 (1 0 0 0),,$0.00,,"$3,000","$3,000","$3,000",539,$5.57,1927,0,Laundry Area,Yes,1-Year,Unfurnished,562-254-6883,"2,558"
26643509,Apartment,5830,5830   Las Virgenes Rd #34-481,Calabasas,91302,2,2.00 (2 0 0 0),,,,"$3,012","$1,000","$3,012",878,$3.43,1987,0,In Unit,Yes,"Negotiable,1+Year",Unfurnished,310-254-8124,"820,960"
26642123,,1326,1326   Amethyst St #c,Redondo Beach,90277,2,2.00 (2 0 0 0),,,,"$3,050","$3,050","$3,050",950,$3.21,1963,1,Garage,Call,1+Year,Unfurnished,213-465-5035,"5,832"
26643111,Apartment,3207,3207  W 3rd St #10,Los Angeles,90020,2,2.00 (2 0 0 0),,,,"$3,095","$3,095","$3,095",850,$3.64,1954,2,In Unit,Call,"1+Year,1-Year",Unfurnished,3107223161,"8,961"
26644011,,1808,1808  N Harvard Blvd ,Los Angeles,90027,2,2.00 (2 0 0 0),,,,"$3,095","$3,095","$3,095","1,000",$3.10,1963,2,Community,Yes,12 Months,Unfurnished,323-839-6208,"16,003"
DW26018850MR,,212,212   W 84TH ST ,LOS ANGELES,90003,2,1.00 (1 0 0 0),,$500.00,100,"$3,100","$3,100","$3,100",990,$3.13,1964,0,None,No,1-Year,Unfurnished,562-367-5961,"5,400"
26642631,,132,132  N La Peer Dr #1,Beverly Hills,90211,1,1.00 (1 0 0 0),,,,"$3,100","$3,100","$3,100",800,$3.88,1924,1,"In Unit,Laundry Area",Yes,1+Year,Unfurnished,310-309-0858,"5,767"
PV26019002MR,Apartment,827,827   W 40th Place  ,LOS ANGELES,90037,3,1.00 (1 0 0 0),,$0.00,,"$3,100","$3,100","$3,100","1,000",$3.10,1918,0,None,No,1-Year,Unfurnished,562-514-4116,"5,919"
SR26019291MR,Single Family,1432,1432  W Avenue H15  ,LANCASTER,93534,3,1.00 (1 0 0 0),,$0.00,,"$3,100","$3,100","$3,100","1,296",$2.39,1953,2,"Dryer,Dryer Included,Garage,Washer,Washer Included",,1-Year,Unfurnished,818-321-2981,"7,350"
TR26017786MR,Townhouse,212,212   Farley Ln ,POMONA,91767,3,2.00 (2 0 0 0),,$500.00,100,"$3,100","$3,100","$3,100","1,497",$2.07,2024,2,Room,No,1-Year,Unfurnished,949-401-3149,"8,651"
WS26017709MR,Condominium,2725,2725   Crimson WAY ,POMONA,91767,3,4.00 (3 0 1 0),,$0.00,200,"$3,100","$4,650","$3,100","1,850",$1.68,2017,2,In Closet,No,1-Year,Unfurnished,626-673-9718,
TR26019658MR,Condominium,21258,21258   Washington  ,WALNUT,91789,2,3.00 (3 0 0 0),,$0.00,,"$3,150","$6,300","$3,150","1,368",$2.30,1985,2,Garage,No,1-Year,Unfurnished,626-675-1097,"1,471"
SR26015578MR,Townhouse,19216,19216   Hamlin  #6,RESEDA,91335,2,2.00 (1 0 1 0),,$0.00,,"$3,150","$3,150","$3,150",954,$3.30,1975,2,"Dryer,Dryer Included,Garage,Washer,Washer Included",,1-Year,Unfurnished,818-903-5350,"351,796"
26643673,,253,253  S Broadway  #408,Los Angeles,90012,1,1.00 (1 0 0 0),,,,"$3,150","$3,150","$3,150","1,060",$2.97,1897,0,In Unit,Call,1+Year,Unfurnished,213-447-4130,"13,327"
26642057,,1201,1201   Columbia Pl ,Pasadena,91105,1,1.00 (1 0 0 0),,,,"$3,195","$3,195","$3,195",675,$4.73,1941,2,Laundry Closet Stacked,Call,1-Year,Unfurnished,818-571-2712,"11,064"
26642691,Condominium,27109,27109   Teton Trl #90,Valencia,91354,2,3.00 (2 0 1 0),,,,"$3,200","$3,700","$3,200","1,106",$2.89,1995,2,Garage,No,1-Year,Unfurnished,661-459-6402,"12,792"
26643103,,1542,1542   Harvard St #A,Santa Monica,90404,1,1.00 (1 0 0 0),,,,"$3,200","$4,500","$3,200",650,$4.92,1929,2,"In Unit,Inside,Laundry Area",No,1+Year,Unfurnished,310-463-6534,"7,401"
CV26016495MR,Condominium,400,400  S Broadway  #922,LOS ANGELES,90013,1,1.00 (1 0 0 0),,$500.00,300,"$3,200","$3,200","$3,200",941,$3.40,2019,1,"Dryer,Dryer Included,Room,Washer,Washer Included",,"1-Year,Negotiable",Unfurnished,,"36,291"
AR26015249MR,Townhouse,710,710   Banyan WAY ,POMONA,91767,3,3.00 (3 0 0 0),,$0.00,,"$3,200","$3,200","$3,200","1,576",$2.03,2018,2,"Gas Dryer Hookup,Room",,1-Year,Unfurnished,626-390-8870,"32,717"
SB26018398MR,Single Family,453,453  N Bandini  ,SAN PEDRO,90731,2,1.00 (1 0 0 0),,$500.00,200,"$3,200","$3,200","$3,200",812,$3.94,1952,1,"Gas Dryer Hookup,Washer Hookup",,1-Year,Unfurnished,310-245-5626,"4,400"
PW26016838MR,Condominium,10353,10353   Downey  ,DOWNEY,90241,2,2.00 (1 0 0 1),,$0.00,,"$3,200","$3,200","$3,200","1,626",$1.97,1974,3,"Garage,Inside",No,1-Year,Unfurnished,562-373-5120,"41,967"
PW26010305MR,Condominium,955,955  S Bluff  ,MONTEBELLO,90640,2,3.00 (2 0 1 0),,$0.00,,"$3,200","$5,000","$3,200","1,300",$2.46,2010,1,Inside,No,1-Year,Unfurnished,562-857-2148,"25,469"
GD26017794IT,Single Family,16026,16026   Valerio  ,VAN NUYS,91406,2,1.00 (1 0 0 0),,$0.00,,"$3,200","$3,200","$3,200","1,274",$2.51,1948,1,Garage,,1-Year,Unfurnished,818-437-2433,"7,022"
IV26019012MR,Condominium,356,356   Carrione CT ,PHILLIPS RANCH,91766,2,3.00 (2 0 1 0),,$500.00,50,"$3,200","$3,200","$3,200","1,392",$2.30,1997,2,Garage,,"1-Year,Negotiable",Unfurnished,310-801-9060,"131,844"
TR26018472MR,Single Family,6711,6711   Loch Alene  ,PICO RIVERA,90660,2,1.00 (1 0 0 0),,$0.00,,"$3,200","$3,200","$3,200",948,$3.38,1948,2,"Inside,Room",,"1+Year,1-Year,Negotiable",Unfurnished,626-252-0217,"12,019"
TR26016461MR,Apartment,328,328  N Monterey ST #D,ALHAMBRA,91801,3,3.00 (2 0 1 0),,$200.00,,"$3,200","$3,200","$3,200","1,800",$1.78,1987,2,Community,,1-Year,Unfurnished,909-967-5959,"14,612"
WS26017991MR,Single Family,2408,2408   Hitchcock  ,ALHAMBRA,91803,3,2.00 (2 0 0 0),,$0.00,,"$3,200","$3,200","$3,200","1,273",$2.51,1950,4,Inside,,1-Year,Unfurnished,310-779-5376,"7,129"
SR26019912MR,Single Family,114,114   Bradbury Dr ,SAN GABRIEL,91775,2,2.00 (2 0 0 0),,$0.00,,"$3,200","$3,200","$3,200","1,000",$3.20,2025,0,Room,,"1+Year,1-Year",Unfurnished,626-380-7993,"7,491"
26643629,,10826,10826 1/4  Hesby St ,North Hollywood,91601,2,2.00 (2 0 0 0),,,,"$3,207","$3,499","$3,207",773,$4.15,2025,1,In Unit,Yes,1+Year,Unfurnished,310-650-4220,"5,400"
26643459,,6280,6280  W 3rd St #4-326,LOS ANGELES,90036,1,1.00 (1 0 0 0),,,,"$3,240","$1,500","$3,240",720,$4.50,,1,In Unit,Yes,"1+Year,Negotiable",Unfurnished,310-254-8124,"279,306"
26643355,,1323,1323  S Ridgeley Dr #2,Los Angeles,90019,3,2.00 (2 0 0 0),,,,"$3,250","$3,250","$3,250","1,500",$2.17,,1,Garage,Call,"12 Months,Month-to-Month",Unfurnished,310-730-3213,"6,618"
26642823,,4214,4214   Avalon Blvd ,Los Angeles,90011,3,2.00 (2 0 0 0),,,,"$3,250","$3,250","$3,250","1,350",$2.41,1995,2,Laundry Area,Call,1+Year,Unfurnished,310-709-0125,"5,980"
26642251,Apartment,623,623   Ashland Ave #2,Santa Monica,90405,1,1.00 (1 0 0 0),,,,"$3,250","$3,250","$3,250",750,$4.33,1958,1,Room,Call,1+Year,Unfurnished,323-209-5225,"7,060"
26642275,,281,281   Stanton St #1,Pasadena,91103,2,1.00 (1 0 0 0),,$0.00,,"$3,250","$3,250","$3,250",990,$3.28,1956,1,In Unit,Call,"1+Year,1-Year",Unfurnished,323-420-3475,"6,682"
AR26011313MR,Townhouse,404,404  W Via Vaquero  ,SAN DIMAS,91773,3,3.00 (3 0 0 0),,$0.00,,"$3,250","$2,300","$3,250","1,521",$2.14,1980,2,Garage,No,1-Year,Unfurnished,626-838-3488,"1,612"
AR26011371MR,Townhouse,454,454   Walker  ,SAN DIMAS,91773,3,3.00 (3 0 0 0),,$0.00,100,"$3,250","$3,200","$3,250","1,657",$1.96,1986,2,Room,No,1-Year,Unfurnished,626-838-3488,"1,801"
SR26019574MR,Single Family,5842,5842   Lexington  ,LOS ANGELES,90038,2,2.00 (2 0 0 0),,$0.00,,"$3,250","$3,250","$3,250","1,200",$2.71,1920,2,None,No,1-Year,,818-207-7713,"7,502"
P1-25556PF,Condominium,1520,1520   Spruce ST #8,SOUTH PASADENA,91030,2,2.00 (1 1 0 0),,$250.00,,"$3,250","$3,250","$3,250","1,142",$2.85,1962,2,"Community,Laundry Area",,1-Year,Unfurnished,,"20,008"
P1-25611PF,Single Family,840,840  E Florence AVE ,WEST COVINA,91790,3,2.00 (2 0 0 0),50,"$1,000.00",100,"$3,280","$4,290","$3,280","1,682",$1.95,1953,2,"Gas Dryer Hookup,Inside,Washer Hookup",No,1-Year,Unfurnished,(626) 354-3780,"9,153"
26642339,,1210,1210  W 39th St #5,Los Angeles,90037,3,3.00 (3 0 0 0),,,,"$3,290","$3,290","$3,290","1,253",$2.63,2007,2,"In Unit,Inside,Laundry Area",Call,"1+Year,1-Year,12 Months",Unfurnished,213-503-8070,"11,028"
26641971,Apartment,11670,11670   Iowa AVE #3,LOS ANGELES,90025,2,2.00 (2 0 0 0),,,,"$3,295","$3,295","$3,295",0,$0,1970,1,Community,No,1+Year,Unfurnished,,"6,708"
26641981,,1123,1123  E Cameron Ave ,West Covina,91790,3,2.00 (2 0 0 0),,,,"$3,495","$3,495","$3,295","1,307",$2.52,1952,0,Inside,No,1+Year,Unfurnished,909-900-8842,"7,402"
26643213,,340,340  N Oakhurst Dr #103,Beverly Hills,90210,1,1.00 (1 0 0 0),,,,"$3,295","$3,295","$3,295",602,$5.47,1930,0,In Unit,Call,1+Year,Unfurnished,310-489-5115,"7,728"
GD26020053IT,Condominium,2121,2121   Scott RD #104,BURBANK,91504,2,2.00 (2 0 0 0),,$250.00,100,"$3,299","$3,299","$3,299","1,450",$2.28,1981,4,"Dryer,Dryer Included,Room,Washer,Washer Included",,"1+Year,1-Year,Negotiable",Unfurnished,2487987266,"15,352"
P1-25548PF,,501,501   MacDonald ST #1,PASADENA,,2,1.00 (1 0 0 0),,$0.00,10,"$3,300","$3,300","$3,300","1,320",$2.50,1927,0,"Gas Or Electric Dryer Hookup,Washer Hookup",No,1-Year,Unfurnished,(626) 318-1546,"5,848"
PW26015963MR,Single Family,7337,7337   Washignton AVE ,WHITTIER,90602,2,2.00 (2 0 0 0),,$0.00,200,"$3,300","$3,300","$3,300","1,100",$3,2025,2,Other,No,1-Year,Unfurnished,626-437-6767,"6,766"
SR26018240MR,Condominium,17711,17711   Margate ST #105,ENCINO,91316,2,2.00 (2 0 0 0),,$0.00,,"$3,300","$3,250","$3,300","1,516",$2.18,1973,4,In Closet,,"1+Year,1-Year,Negotiable",Furnished,818-916-4058,"77,073"
SR26018558MR,Condominium,4705,4705   Kester  #106,SHERMAN OAKS,91403,2,2.00 (2 0 0 0),,$0.00,5,"$3,300","$3,300","$3,300","1,101",$3.00,1979,1,Community,,1-Year,Unfurnished,310-597-9792,"33,264"
TR25271989MR,Townhouse,1577,1577   Ledgestone  ,POMONA,91767,3,3.00 (3 0 0 0),,$0.00,,"$3,300","$3,300","$3,300","1,667",$1.98,2006,2,Inside,No,1-Year,Unfurnished,626-927-6900,"38,336"
CV26018239MR,Single Family,444,444   Middlebury CT ,CLAREMONT,91711,3,3.00 (3 0 0 0),,$0.00,,"$3,300","$3,300","$3,300","1,509",$2.19,1999,2,"Dryer,Dryer Included,On Upper Level,Washer,Washer Included",,1-Year,Unfurnished,909-753-9721,"2,341"
BB26018611MR,Single Family,7046,7046   White Oak  #A,VAN NUYS,91406,3,2.00 (2 0 0 0),,$500.00,,"$3,300","$2,000","$3,300","1,200",$2.75,1962,0,Inside,,"1+Year,1-Year",Unfurnished,,"6,628"
26643323,,14430,14430   BENEFIT ST #201,SHERMAN OAKS,91423,2,2.00 (2 0 0 0),,,,"$3,345","$3,345","$3,345","1,250",$2.68,1987,2,In Unit,Call,1+Year,Unfurnished,310-666-4722,"20,425"
SR26016909MR,Single Family,15150,15150   Rayen ST ,NORTH HILLS,91343,3,3.00 (3 0 0 0),,$350.00,50,"$3,345","$3,345","$3,345","1,420",$2.36,2007,2,"Dryer,Dryer Included,Garage,Inside,Washer,Washer Included",Yes,"1+Year,1-Year,Negotiable",Unfurnished,818-620-1637,"1,962"
SR26012700MR,Single Family,13056,13056   Aztec ST #1/2,SYLMAR,91342,2,2.00 (1 0 1 0),,$150.00,20,"$3,350","$3,350","$3,350",964,$3.48,1978,0,"Dryer,Dryer Included,Washer,Washer Included",,1-Year,Unfurnished,,"15,582"
SR26015486MR,Condominium,4714,4714   Park Granada  #203,CALABASAS,91302,2,2.00 (2 0 0 0),,$0.00,,"$3,350","$3,350","$3,350","1,054",$3.18,1972,4,Gas Or Electric Dryer Hookup,,"1-Year,Negotiable",Unfurnished,310-904-8961,"526,971"
26644397,,4980,4980  S Centinela Ave #12,Los Angeles,90066,1,2.00 (1 0 1 0),,,,"$3,350","$3,350","$3,350","1,100",$3.05,2013,0,In Unit,Call,"1+Year,12 Months",Unfurnished,424-258-4651,"5,860"
CV26014471MR,Single Family,14724,14724   Clydewood ST ,BALDWIN PARK,91706,3,2.00 (2 0 0 0),50,$0.00,100,"$3,375","$3,375","$3,375","1,254",$2.69,1953,0,"Dryer,Dryer Included,Room,Washer,Washer Included",No,1-Year,Unfurnished,909-609-8371,"4,385"
26644217,,1942,1942   Chickasaw Ave ,Los Angeles,90041,1,1.00 (1 0 0 0),,$500.00,,"$3,380","$3,380","$3,380",570,$5.93,1954,2,Laundry Area,Yes,1-Year,Unfurnished,818-671-8891,"10,357"
26644395,Apartment,1610,1610  S Beverly Glen Blvd #7,Los Angeles,90024,2,2.00 (2 0 0 0),,,,"$3,395","$3,395","$3,395","1,007",$3.37,1961,1,In Kitchen,Yes,1+Year,Unfurnished,310-617-6462,"6,523"
26644573,,4040,4040   Grand View Blvd #69,Los Angeles,90066,2,2.00 (1 0 1 0),,,,"$3,395","$5,093","$3,395",864,$3.93,1961,1,In Unit,Call,"1+Year,12 Months",Unfurnished,424-258-4651,"124,486"
26643325,,301,301  S SWALL DR #303,LOS ANGELES,90048,1,1.00 (1 0 0 0),,,,"$3,395","$3,395","$3,395",750,$4.53,1988,1,Laundry Area,Call,1+Year,Unfurnished,310-666-4722,"5,322"
26643241,,11645,11645   Montana Ave #335,Los Angeles,90049,1,1.00 (1 0 0 0),,,,"$3,395","$3,395","$3,395",852,$3.98,1973,2,Community,No,1+Year,Unfurnished,310-721-2474,"50,016"
IN26018273MR,Condominium,8718,8718   Weybridge  ,INGLEWOOD,90305,2,2.00 (2 0 0 0),,$500.00,,"$3,395","$3,395","$3,395","1,041",$3.26,1986,2,Gas Or Electric Dryer Hookup,Yes,1-Year,Unfurnished,310-251-6313,"98,778"
SB26019366MR,Single Family,741,741  S Meyler  ,SAN PEDRO,90731,3,2.00 (2 0 0 0),,$500.00,,"$3,400","$3,400","$3,400","1,388",$2.45,1961,0,Room,,1-Year,Unfurnished,310-753-9781,"6,252"
SB26018368MR,Townhouse,2800,2800   Plaza Del Amo  #431,TORRANCE,90503,2,3.00 (2 0 1 0),,$0.00,,"$3,400","$3,400","$3,400","1,088",$3.13,1987,2,"Inside,Room",No,1-Year,Unfurnished,310-988-8211,"143,931"
TR26018261MR,Single Family,20309,20309   Vejar  ,WALNUT,91789,3,2.00 (2 0 0 0),,$0.00,,"$3,400","$3,400","$3,400","1,828",$1.86,1973,2,Garage,No,1-Year,Unfurnished,909-435-1866,"8,984"
SR26018979MR,Single Family,1659,1659   Date Palm  ,PALMDALE,93551,3,2.00 (2 0 0 0),500,$0.00,340,"$3,400","$3,400","$3,400","2,011",$1.69,2007,2,Inside,No,1-Year,Unfurnished,201-450-5545,"7,034"
P1-25593PF,Apartment,834,834  N Fair Oaks AVE #108,PASADENA,,3,3.00 (2 0 1 0),400,$500.00,,"$3,450","$2,500","$3,450","1,292",$2.67,2020,1,"Gas Dryer Hookup,Washer Hookup",,1-Year,Unfurnished,(626) 484-7006,"14,626"
26643109,,675,675   Oak Run Trl #TL301,Oak Park,91377,2,2.00 (2 0 0 0),,"$2,500.00",,"$3,450","$5,000","$3,450","1,104",$3.13,1990,2,"In Unit,Other",Yes,"1+Year,24 Months",Both,310-951-7308,"1,104"
26643863,,4906,4906   St Elmo Dr ,Los Angeles,90019,2,2.00 (2 0 0 0),,,,"$3,450","$3,450","$3,450","1,000",$3.45,,2,In Unit,Yes,1+Year,Unfurnished,213-618-6300,"4,320"
DW26001267MR,Single Family,7863,7863   Springer ST ,DOWNEY,90242,2,1.00 (1 0 0 0),,$0.00,,"$3,495","$3,495","$3,495",848,$4.12,1940,5,Garage,,1-Year,Unfurnished,562-481-7868,"7,342"
26642143,,834,834   6th St #202,Santa Monica,90403,1,1.00 (1 0 0 0),,,,"$3,495","$3,495","$3,495",848,$4.12,1971,1,"In Unit,Inside,In Closet,Laundry Closet Stacked",Yes,1+Year,Unfurnished,424-401-6165,"7,499"
P1-25624PF,Apartment,1111,1111   Echo Park AVE #301,LOS ANGELES,90026,1,1.00 (1 0 0 0),,$0.00,,"$3,495","$3,495","$3,495","1,000",$3.50,2020,1,"Dryer,Dryer Included,In Closet,Washer,Washer Included",,1-Year,Unfurnished,(818) 275-4809,"8,513"
SR26011969MR,Townhouse,6605,6605   Troost  ,NORTH HOLLYWOOD,91606,2,3.00 (2 0 1 0),,$0.00,,"$3,495","$3,495","$3,495","1,200",$2.91,2025,0,"Dryer,Dryer Included,Washer,Washer Included",,1-Year,Unfurnished,818-536-4455,"4,515"
SB26016051MR,Apartment,11921,11921   Goshen AVE #6,LOS ANGELES,90049,2,2.00 (2 0 0 0),,$500.00,,"$3,495","$3,495","$3,495","1,100",$3.18,1962,1,Inside,,"1+Year,1-Year,Negotiable",,310-951-4381,"7,875"
SR26019660MR,Single Family,7656,7656   Oak Park  ,VAN NUYS,91406,3,2.00 (2 0 0 0),,$0.00,,"$3,495","$3,495","$3,495","1,656",$2.11,1949,0,"Gas Dryer Hookup,Washer Hookup",,1-Year,Unfurnished,818-620-2244,"7,967"
SR26016426MR,Single Family,19110,19110   Kittridge ST ,RESEDA,91335,3,2.00 (1 0 1 0),,$500.00,,"$3,499","$3,675","$3,499","1,300",$2.69,1976,2,Inside,,1-Year,Unfurnished,424-653-0560,"183,252"
SR26011365MR,Single Family,17608,17608   Martha  ,ENCINO,91316,2,1.00 (1 0 0 0),,$0.00,,"$3,500","$3,500","$3,500",783,$4.47,1949,1,"Dryer,Dryer Included,Garage,Washer,Washer Included",,1-Year,Unfurnished,818-269-2796,"5,597"
SB26017920MR,Single Family,4109,4109   Lyceum  ,LOS ANGELES,90066,2,1.00 (1 0 0 0),,$0.00,100,"$3,500","$3,500","$3,500",930,$3.76,1944,0,"Community,Outside",No,1-Year,Unfurnished,310-617-1404,"4,951"
PW26019434MR,Condominium,133,133   The Promenade  #402,LONG BEACH,90802,2,2.00 (2 0 0 0),,$0.00,,"$3,500","$5,000","$3,500","1,350",$2.59,2006,2,"Dryer,Dryer Included,In Closet,Washer,Washer Included",No,1-Year,Furnished,562-481-7386,
PF26019668PF,Single Family,10527,10527   Pace AVE ,LOS ANGELES,90002,3,1.00 (1 0 0 0),,$0.00,,"$3,500","$7,800","$3,500",992,$3.53,1944,0,"Gas Dryer Hookup,Washer Hookup",No,1-Year,Unfurnished,,"5,565"
OC26017798MR,,1916,1916   Cedar AVE #A,LONG BEACH,90806,3,3.00 (2 0 1 0),,$0.00,100,"$3,700","$3,400","$3,500","1,300",$2.69,2026,2,"Dryer,Dryer Included,Washer,Washer Included",No,1-Year,Unfurnished,310-995-1136,"8,152"
OC26017136MR,Single Family,826,826  E Elmwood  ,BURBANK,91501,2,1.00 (1 0 0 0),,$0.00,,"$3,500","$3,500","$3,500","1,137",$3.08,1940,0,"Gas Dryer Hookup,In Kitchen",No,1-Year,Unfurnished,818-419-6598,"7,519"
GD26020059IT,,920,920   University  ,BURBANK,91504,2,2.00 (2 0 0 0),,$0.00,,"$3,500","$3,500","$3,500","1,000",$3.50,1951,1,Inside,No,1-Year,Unfurnished,818-437-2433,"7,352"
SR26020491MR,Townhouse,6550,6550   Tampa AVE #1,RESEDA,91335,4,2.00 (2 0 0 0),,$500.00,,"$3,500","$4,000","$3,500","1,374",$2.55,1976,2,Garage,,1-Year,Unfurnished,818-404-7573,"225,468"
TR26017083MR,Single Family,2448,2448   Flora  ,WEST COVINA,91792,4,3.00 (3 0 0 0),,$0.00,,"$3,500","$4,000","$3,500","1,715",$2.04,1978,2,Garage,No,1-Year,Unfurnished,909-263-4880,"4,670"
26642459,,11862,11862   Ebbtide Ln #Lower,Malibu,90265,1,1.00 (1 0 0 0),,,,"$3,500","$3,500","$3,500",542,$6.46,2025,1,"In Closet,Laundry Area,Inside",Call,"1+Year,Other,Negotiable",Furnished,310-919-6031,"1,742"
26641899,,4424,4424   Noble Ave ,Sherman Oaks,91403,1,1.00 (1 0 0 0),,,,"$3,500","$3,500","$3,500",750,$4.67,1935,1,Inside,Yes,"1-Year,12 Months",Unfurnished,310-579-2200,"8,548"
26642077,,625,625  S Berendo St #603,Los Angeles,90005,2,2.00 (2 0 0 0),,,,"$3,500","$3,500","$3,500","1,380",$2.54,2005,0,"In Unit,Inside",Call,1+Year,Unfurnished,213-703-2300,"30,005"
26642081,,345,345  S Harvard Blvd #302,Los Angeles,90020,3,3.00 (3 0 0 0),,,,"$3,500","$3,500","$3,500","1,540",$2.27,2006,2,In Unit,Call,1+Year,Unfurnished,213-344-8282,"8,982"
26643043,,348,348   Laveta  #1/2,Los Angeles,90026,2,2.00 (2 0 0 0),,,,"$3,500","$3,500","$3,500",,$0,,0,Outside,Yes,1-Year,Unfurnished,323-872-9033,"6,000"
26644423,,133,133  N Swall Dr #203,Beverly Hills,90211,2,2.00 (1 1 0 0),,,,"$3,500","$3,500","$3,500",,$0,,1,"Community,In Unit",Call,"1+Year,12 Months",Unfurnished,323-443-6005,0
26643783,,1342,1342   Mohawk St ,Los Angeles,90026,3,3.00 (2 0 1 0),,,,"$3,500","$7,000","$3,500","1,500",$2.33,1921,1,None,Yes,1+Year,Unfurnished,310-850-8875,"7,502"
26644129,,8530,8530   Holloway Dr #318,West Hollywood,90069,1,1.00 (1 0 0 0),,,,"$3,500","$3,500","$3,500",768,$4.56,1973,1,Community,Call,"Short Term Lease,6 Months,Month-to-Month,Renewal Options,Negotiable",Furnished,310-795-4100,"47,412"
26643627,Apartment,5813,5813   Lexington Ave #201,Los Angeles,90038,2,2.00 (2 0 0 0),,,,"$3,500","$3,500","$3,500","1,100",$3.18,,2,In Unit,Yes,12 Months,Unfurnished,646-305-7887,0
SR26017529MR,Single Family,15942,15942   Valerio ST ,VAN NUYS,91406,3,3.00 (2 0 1 0),,$350.00,50,"$3,545","$3,545","$3,545","1,200",$2.95,2022,0,Other,Yes,"1+Year,1-Year,Negotiable",Unfurnished,818-620-1637,"7,292"
SR26019322MR,Condominium,448,448  S Oak Knoll AVE #6,PASADENA,91101,2,3.00 (3 0 0 0),,$0.00,,"$3,550","$3,550","$3,550","1,200",$2.96,2004,2,Inside,No,1-Year,Unfurnished,818-400-6998,"9,912"
TR26015462MR,Townhouse,22956,22956   ESTORIL DR #3,DIAMOND BAR,91765,3,3.00 (2 0 1 0),50,$0.00,50,"$3,550","$3,550","$3,550","1,707",$2.08,1987,2,Garage,No,1-Year,Unfurnished,951-265-9989,
26641647,,2033,2033   Beloit Ave #105,Los Angeles,90025,2,2.00 (2 0 0 0),,,,"$3,590","$3,590","$3,590",,$0,1999,2,In Unit,Yes,1+Year,Unfurnished,310-988-8923,"13,492"
26642491,,1352,1352  S Carmelina Ave #101,Los Angeles,90025,2,2.00 (2 0 0 0),,$500.00,,"$3,595","$3,595","$3,595","1,100",$3.27,1972,0,In Unit,Yes,"1+Year,1-Year,12 Months,6 Months,Other",Unfurnished,310-962-5000,"21,801"
SR26017725MR,Single Family,11522,11522   Cararra  ,Porter Ranch,91326,2,2.00 (2 0 0 0),,$500.00,,"$3,595","$3,595","$3,595","1,096",$3.28,2008,2,"Dryer,Dryer Included,Inside,Washer,Washer Included",,1-Year,Unfurnished,818-235-8374,"62,018"
AR26019679MR,Townhouse,428,428   Eldorado ST #D,ARCADIA,91006,3,3.00 (3 0 0 0),,$0.00,,"$3,598","$3,598","$3,598","1,610",$2.23,1984,2,Garage,,1-Year,Unfurnished,626-353-7645,"16,589"
26644491,,1468,1468   Kurtz Ave ,Los Angeles,90063,3,1.00 (1 0 0 0),,,,"$3,600","$1,800","$3,600","1,008",$3.57,1958,1,Inside,Yes,"Month-to-Month,6 Months,1-Year",Both,213-267-4241,"4,656"
26644419,,1037,1037   Dewey Ave #501,Los Angeles,90006,3,2.00 (2 0 0 0),,,,"$3,600","$3,900","$3,600","1,250",$2.88,2024,1,In Unit,Yes,"12 Months,1+Year",Unfurnished,916-562-3518,"17,744"
CV26015762MR,Single Family,6325,6325   Marbrisa  ,HUNTINGTON PARK,90255,3,2.00 (2 0 0 0),,$0.00,,"$3,600","$3,600","$3,600","1,010",$3.56,1914,0,"Electric Dryer Hookup,Hookup - Electric,Washer Hookup",,1-Year,Unfurnished,909-233-0756,"5,329"
BB26018789MR,Single Family,1415,1415   Broadway  ,BURBANK,91504,3,3.00 (1 2 0 0),,$0.00,,"$3,600","$3,600","$3,600","1,432",$2.51,1943,2,Inside,No,1-Year,Unfurnished,818-262-5446,"6,311"
26642085,Apartment,11506,11506   Truro Ave #A,Hawthorne,90250,3,2.00 (1 1 0 0),,,,"$3,600","$3,500","$3,600","1,654",$2.18,1963,1,Community,Yes,"1-Year,12 Months,1+Year",Unfurnished,213-442-0211,"5,651"
26642983,Single Family,314,314  E 104th St ,Los Angeles,90003,3,2.00 (2 0 0 0),,,,"$3,600","$3,200","$3,600","1,080",$3.33,1956,0,Laundry Area,Call,1+Year,Unfurnished,323-387-9524,"5,593"
SR26018206MR,Single Family,8430,8430   Bardwell AVE ,PANORAMA CITY,91402,3,2.00 (2 0 0 0),,$250.00,,"$3,600","$3,600","$3,600","1,040",$3.46,1950,2,"Dryer,Dryer Included,Washer,Washer Included",,1-Year,Unfurnished,818-515-6338,"5,999"
SR26019030MR,Single Family,24446,24446   Martha  ,WOODLAND HILLS,91367,2,2.00 (2 0 0 0),,$0.00,,"$3,600","$3,600","$3,600","1,200",$3,2019,2,Inside,,1-Year,Unfurnished,310-739-5554,"2,500"
SR26018755MR,Single Family,9449,9449   Remick  ,ARLETA,91331,3,2.00 (0 2 0 0),,$0.00,,"$3,600","$3,600","$3,600","1,722",$2.09,1962,2,"Dryer,Dryer Included,Garage,Washer,Washer Included",,1-Year,Unfurnished,818-269-5227,"7,460"
WS26019271MR,Condominium,26,26   Jenkins  ,SOUTH EL MONTE,91733,3,4.00 (3 0 1 0),,$0.00,,"$3,600","$3,600","$3,600","1,865",$1.93,2015,2,"Dryer,Dryer Included,Inside,Room,Washer,Washer Included",No,1-Year,Unfurnished,626-617-6861,851
P1-25610PF,Single Family,1129,1129   La Puerta ST ,LOS ANGELES,90023,3,1.00 (0 1 0 0),,$0.00,,"$3,700","$3,700","$3,600",844,$4.27,1920,2,"Dryer,Dryer Included,Gas Dryer Hookup,Outside,Washer,Washer Hookup,Washer Included",,1-Year,,(626) 324-9448,"5,099"
SR26014477MR,Condominium,4622,4622   Park Granada  #80,CALABASAS,91302,2,2.00 (2 0 0 0),,$0.00,,"$3,600","$3,600","$3,600","1,054",$3.42,1972,2,"Community,In Closet,Inside",,"1+Year,1-Year,Other",Unfurnished,818-321-0058,"526,971"
SR26017306MR,Townhouse,24013,24013   Arroyo Park  #42,VALENCIA,91355,2,2.00 (2 0 0 0),,$500.00,,"$3,600","$3,600","$3,600","1,142",$3.15,1988,2,"Dryer,Dryer Included,Room,Washer,Washer Included",,"1-Year,Month-to-Month,Negotiable",Unfurnished,661-860-0019,"315,560"
26642007,,1033,1033   Doreen Pl #B,VENICE,90291,1,1.00 (1 0 0 0),,,,"$3,649","$1,500","$3,649",601,$6.07,1951,0,In Unit,Yes,"Negotiable,1+Year,1-Year",Unfurnished,310-254-8124,"1,525"
26642603,Single Family,7556,7556   Thousand Oaks Dr ,Tujunga,91042,3,2.00 (2 0 0 0),,,,"$3,650","$3,650","$3,650","1,698",$2.15,1988,0,Other,Yes,1+Year,Unfurnished,818-281-5301,"3,329"
26644583,,1025,1025  S Sherbourne Dr #4,Los Angeles,90035,2,2.00 (2 0 0 0),,,,"$3,650","$3,650","$3,650","1,400",$2.61,1964,0,Laundry Area,Call,1+Year,Unfurnished,310-818-3550,"5,769"
AR26018768MR,Single Family,9702,9702  E Camino Real  ,ARCADIA,91007,3,2.00 (2 0 0 0),,$0.00,,"$3,650","$7,300","$3,650","1,404",$2.60,1966,2,Garage,No,1-Year,Unfurnished,626-616-4600,"6,424"
26644043,,10615,10615   Ayres Ave ,Los Angeles,90064,2,1.00 (1 0 0 0),,,,"$3,650","$3,650","$3,650","1,143",$3.19,1929,0,In Unit,Call,"1+Year,12 Months",Unfurnished,909-243-9587,"6,302"
GD26019087IT,Condominium,1236,1236  N Columbus AVE #37,GLENDALE,91202,2,2.00 (2 0 0 0),,$0.00,,"$3,650","$3,650","$3,650","1,172",$3.11,1974,2,"Dryer,Dryer Included,In Closet,In Kitchen,Inside,Laundry Closet Stacked,Stackable W/D Hookup,Washer,Washer Included",,1-Year,Unfurnished,310-254-8903,"33,441"
26642561,Apartment,521,521  N Gramercy Pl #309,Los Angeles,90004,2,2.00 (2 0 0 0),,,,"$3,695","$3,495","$3,695",,$0,2022,1,In Unit,Yes,"1-Year,1+Year,Other",Unfurnished,213-797-5559,"15,906"
SR26016683MR,,14016,14016   Hubbard ST ,SYLMAR,91342,3,2.00 (2 0 0 0),,$300.00,,"$3,699","$3,699","$3,699","1,300",$2.85,2025,2,Gas Or Electric Dryer Hookup,,"1-Year,Negotiable",Unfurnished,818-744-4895,"1,350"
SR26017839MR,Townhouse,10663,10663   Encino  ,GRANADA HILLS,91344,2,2.00 (2 0 0 0),,$500.00,,"$3,699","$4,000","$3,699","1,184",$3.12,2025,0,"Inside,On Upper Level",,1-Year,Unfurnished,818-554-5050,"5,390"
RS26016414MR,Townhouse,16026,16026   Timberhill LN ,CERRITOS,90703,3,3.00 (3 0 0 0),,$500.00,,"$3,700","$3,700","$3,700","1,656",$2.23,1975,2,"Garage,Gas Dryer Hookup,Washer Hookup",No,1-Year,Unfurnished,7143292429,"1,796"
SB26017579MR,Condominium,1431,1431   Lomita  ,HARBOR CITY,90710,3,3.00 (3 0 0 0),,$0.00,,"$3,700","$5,550","$3,700","1,490",$2.48,2005,2,"Inside,Room",,1-Year,Unfurnished,310-989-3646,"103,664"
26642083,Single Family,132,132  N CARSON RD #A,BEVERLY HILLS,90211,0,1.00 (1 0 0 0),,,,"$3,700","$2,500","$3,700",480,$7.71,1923,1,Laundry Area,Call,"Negotiable,1-Year",Furnished,310-849-2586,"6,495"
26643699,,1545,1545  S BENTLEY AVE #301,LOS ANGELES,90025,2,2.00 (2 0 0 0),,,,"$3,700","$3,700","$3,700","1,309",$2.83,2004,2,In Unit,Call,1+Year,Unfurnished,310-925-7492,"11,924"
CV26016491MR,Condominium,1678,1678   Cayton LOOP ,WEST COVINA,91790,3,4.00 (3 0 1 0),,$500.00,300,"$3,700","$3,700","$3,700","1,970",$1.88,2024,2,"Dryer,Dryer Included,Inside,Washer,Washer Included",,"1-Year,Negotiable",Unfurnished,,"1,000"
CV26018215MR,Single Family,433,433  S College  ,CLAREMONT,91711,3,1.00 (1 0 0 0),,$0.00,100,"$3,700","$3,700","$3,700","1,250",$2.96,1950,2,"Dryer,Dryer Included,Laundry Area,Washer,Washer Included",No,1-Year,Unfurnished,909-322-2100,"5,819"
BB26018598MR,Single Family,7044,7044   White Oak  ,VAN NUYS,91406,3,2.00 (2 0 0 0),,$500.00,,"$3,750","$2,000","$3,750","1,518",$2.47,1962,1,"Gas Dryer Hookup,Inside,Washer Hookup",,"1-Year,Other",Unfurnished,,"6,628"
26643849,,643,643   S. Detroit St #645,Los Angeles,90036,2,1.00 (1 0 0 0),,,,"$3,750","$3,750","$3,750",,$0,,1,"Laundry Area,In Unit",Yes,1-Year,Unfurnished,310-729-6573,"1,500"
26644265,,11738,11738   Valley View Ave #1,Whittier,90604,3,3.00 (3 0 0 0),,,,"$3,750","$3,750","$3,750","1,480",$2.53,2004,2,"Garage,In Unit",Call,1+Year,Unfurnished,213-713-0372,"34,477"
26633011,,999,999  N Doheny Dr #311,West Hollywood,90069,0,1.00 (1 0 0 0),,,,"$3,750","$3,750","$3,750",647,$5.80,1963,0,Community,No,1+Year,Unfurnished,310-497-6508,"29,660"
26642413,,11862,11862   Ebbtide Ln #Upper,Malibu,90265,0,1.00 (1 0 0 0),,,,"$3,750","$3,750","$3,750",681,$5.51,2025,1,"Laundry Area,Inside,In Closet",Call,"1+Year,Other",Unfurnished,310-919-6031,"1,742"
TR26017089MR,Condominium,1,1   Spyglass AVE ,PHILLIPS RANCH,91766,3,3.00 (3 0 0 0),,$0.00,,"$3,750","$3,750","$3,750","1,832",$2.05,2019,2,Inside,,1-Year,Unfurnished,,"64,685"
26641823,,2754,2754   Dalemead St ,Torrance,90505,3,2.00 (2 0 0 0),,,,"$3,780","$3,780","$3,780","1,315",$2.87,1953,0,"In Closet,In Unit,Inside",Call,"1+Year,1-Year",Unfurnished,323-389-5432,"4,968"
26641649,,1661,1661  S Bundy Dr #202,Los Angeles,90025,2,2.00 (2 0 0 0),,,,"$3,790","$3,790","$3,790",,$0,1999,2,In Unit,Yes,1+Year,Unfurnished,310-988-8923,"16,635"
26642973,,9800,9800   Vidor Dr #303,Los Angeles,90035,1,2.00 (1 0 1 0),,,,"$3,795","$3,795","$3,795","1,050",$3.61,1990,2,In Unit,Yes,1+Year,Unfurnished,310-595-0067,"6,539"
26644567,,12760,12760   Millennium Dr #B333,Los Angeles,90094,1,1.00 (1 0 0 0),,,,"$3,795","$1,500","$3,795",723,$5.25,2015,0,In Unit,Call,1+Year,Unfurnished,833-525-3273,"65,358"
CV26013713MR,Single Family,10140,10140   Live Oak AVE ,TEMPLE CITY,91780,4,2.00 (0 2 0 0),,$0.00,,"$3,800","$3,800","$3,800","1,545",$2.46,1951,2,"Dryer,Dryer Included,Room,Washer,Washer Included",No,1-Year,Unfurnished,626-826-5776,"5,767"
26641679,Apartment,525,525  N Orange Dr #1/2,Los Angeles,90036,2,2.00 (1 0 1 0),,,,"$3,800","$3,800","$3,800","1,000",$3.80,1927,0,In Unit,Call,Negotiable,Furnished,310-272-3632,"5,942"
26642475,,161,161  W Channel Rd #5,Santa Monica,90402,2,2.00 (2 0 0 0),,,,"$3,800","$3,800","$3,800","1,300",$2.92,1961,1,"Laundry Area,Community",Call,"Negotiable,1+Year,6 Months,Other",Unfurnished,310-701-6848,"4,640"
WS26015524MR,Single Family,227,227   Valle Vista  ,MONROVIA,91016,2,1.00 (1 0 0 0),,$500.00,50,"$3,800","$3,500","$3,800",840,$4.52,1947,1,In Closet,,1-Year,Furnished,626-375-9632,"6,731"
RS26016436MR,Townhouse,12312,12312   Sandy Rock ST ,CERRITOS,90703,3,3.00 (3 0 0 0),,$500.00,,"$3,800","$3,800","$3,800","1,536",$2.47,1976,2,"Garage,Gas Dryer Hookup,Washer Hookup",No,1-Year,Unfurnished,7143292429,"1,797"
PW26018094MR,Single Family,17729,17729   Superior ST #47,NORTHRIDGE,91325,3,3.00 (2 0 1 0),,"$1,000.00",300,"$3,800","$3,800","$3,800","1,559",$2.44,1997,2,"Dryer,Dryer Included,Garage,Gas Or Electric Dryer Hookup,Washer,Washer Included",,"1+Year,1-Year",Unfurnished,562-665-5702,"14,285"
SB26019046MR,Townhouse,2356,2356   241st  ,LOMITA,90717,3,3.00 (2 0 1 0),,$500.00,,"$3,800","$3,800","$3,800","1,312",$2.90,1989,2,"Dryer,Dryer Included,Garage,Room,Washer,Washer Included",,1-Year,Unfurnished,,"96,942"
PW26015815MR,Condominium,21042,21042   Cornerstone  ,WALNUT,91789,4,4.00 (3 0 1 0),,$0.00,100,"$3,800","$3,800","$3,800","1,760",$2.16,2018,2,Gas Or Electric Dryer Hookup,No,1-Year,Unfurnished,,"19,918"
PW26006937MR,,847,847  W Gage AVE ,LOS ANGELES,90044,3,2.00 (2 0 0 0),,$0.00,,"$3,800","$5,600","$3,800","1,224",$3.10,1920,0,"Dryer,Dryer Included,In Kitchen,Washer,Washer Included",No,"1+Year,1-Year",Unfurnished,323-833-1974,"4,901"
WS26017357MR,Townhouse,1090,1090   foothill Boulevard ,CLAREMONT,91711,3,4.00 (2 0 2 0),,$0.00,,"$3,850","$3,850","$3,850","2,231",$1.73,2025,2,"Inside,On Upper Level,Room",No,1-Year,Unfurnished,626-778-7778,
26642417,,860,860  S Lucerne Blvd #101,Los Angeles,90005,3,2.00 (2 0 0 0),,,,"$3,850","$3,850","$3,850","1,200",$3.21,1989,2,"In Closet,In Unit,Inside",Call,1-Year,Unfurnished,213-265-6694,"13,171"
26641683,,1739,1739   252nd  #1/2,Lomita,90717,3,2.00 (2 0 0 0),,,,"$3,850","$3,850","$3,850","1,200",$3.21,,2,In Unit,Yes,1+Year,Unfurnished,310-691-6199,0
26643163,Apartment,158,158  S Elm Dr #168 S Elm,Beverly Hills,90212,1,1.00 (1 0 0 0),,$150.00,,"$3,850","$3,850","$3,850","1,000",$3.85,1938,6,In Unit,Yes,1+Year,Unfurnished,310-626-2096,"6,072"
CV26017270MR,Single Family,209,209   Elm  ,ALHAMBRA,91801,2,1.00 (1 0 0 0),,$0.00,,"$3,850","$3,850","$3,850","1,159",$3.32,1923,7,"Gas Dryer Hookup,Inside,Washer Hookup",,1-Year,Unfurnished,626-315-3119,"8,198"
26643613,,22525,22525   Sherman Way #1403,West Hills,91307,3,3.00 (2 0 1 0),,,,"$3,850","$3,850","$3,850","1,632",$2.36,1981,2,In Unit,No,1+Year,Unfurnished,323-205-7399,"167,688"
26644559,,12760,12760   Millennium Dr #NA415,Los Angeles,90094,0,1.00 (1 0 0 0),,,,"$3,870","$1,000","$3,870",693,$5.58,2015,0,In Unit,Call,1+Year,Unfurnished,833-525-3273,"65,358"
26644091,,10601,10601   Washington Blvd #503,Culver City,90232,1,1.00 (1 0 0 0),,$500.00,,"$3,895","$1,000","$3,895",787,$4.95,2018,1,In Unit,Yes,"6 Months,1+Year,12 Months",Unfurnished,310-962-5000,"38,823"
26641819,,2757,2757   Andreo Ave #11,Torrance,90501,3,3.00 (2 0 1 0),,,,"$3,895","$4,250","$3,895","1,200",$3.25,,2,In Unit,Yes,1+Year,Unfurnished,310-691-6199,0
26642487,,1642,1642  S Crest Dr ,Los Angeles,90035,2,2.00 (2 0 0 0),,,,"$3,895","$3,895","$3,895","1,195",$3.26,,2,In Unit,Call,"1+Year,1-Year,Negotiable",Unfurnished,310-280-6417,"6,753"
26641723,,9667,9667  W Olympic Blvd ,Beverly Hills,90212,2,1.00 (1 0 0 0),,,,"$3,900","$3,900","$3,900",,$0,1947,1,Community,No,1-Year,Unfurnished,818-219-5518,"8,397"
26638315,Condominium,1440,1440   Veteran Ave #557,Los Angeles,90024,2,2.00 (2 0 0 0),,,,"$3,900","$3,900","$3,900",950,$4.11,1972,1,Community,Call,1-Year,Unfurnished,310-499-2020,"96,892"
26642873,,19111,19111   Hamlin St #6,Reseda,91335,3,2.00 (2 0 0 0),,,,"$3,900","$7,800","$3,900","1,269",$3.07,1976,2,Garage,Yes,1+Year,Unfurnished,310-889-4097,"183,252"
SR26016216MR,Single Family,17314,17314   Ludlow ST ,GRANADA HILLS,91344,3,2.00 (2 0 0 0),,$0.00,,"$3,900","$3,900","$3,900","1,200",$3.25,2023,0,Inside,No,1-Year,Unfurnished,818-521-7653,"3,500"
SR26017006MR,Townhouse,7132,7132   Farralone  ,CANOGA PARK,91303,4,3.00 (3 0 0 0),,$0.00,,"$3,900","$3,900","$3,900","1,641",$2.38,2003,2,Room,,1-Year,Unfurnished,818-674-6169,"22,892"
SR26017513MR,Single Family,20011,20011   Archwood ST ,WINNETKA,91306,3,2.00 (2 0 0 0),,$350.00,50,"$3,945","$3,945","$3,945","1,461",$2.70,1952,2,"Dryer,Dryer Included,Washer,Washer Included",Yes,"1+Year,1-Year,Negotiable",Unfurnished,818-620-1637,"7,006"
SR26019405MR,Single Family,17449,17449   Donmetz ST ,GRANADA HILLS,91344,3,2.00 (2 0 0 0),,$500.00,50,"$3,950","$3,950","$3,950","1,781",$2.22,1956,2,Inside,,1-Year,Unfurnished,818 427-9527,"17,465"
P1-25594PF,Apartment,2000,2000   Lake AVE #1,ALTADENA,91001,2,3.00 (1 1 1 0),300,$500.00,,"$3,950","$4,290","$3,950","1,720",$2.30,2019,2,"Dryer,Dryer Included,In Closet,Inside,Laundry Closet Stacked,Stackable W/D Hookup,Washer,Washer Included",,1-Year,Unfurnished,(626) 484-7006,"17,871"
P1-25579PF,Single Family,3216,3216   Bent Twig LN ,DIAMOND BAR,91765,4,2.00 (2 0 0 0),150,$0.00,,"$3,950","$4,000","$3,950","2,037",$1.94,1978,5,"Garage,Washer Hookup",No,1-Year,Furnished,,"8,413"
26642535,,12431,12431   Rochester Ave #403,Los Angeles,90025,1,2.00 (1 0 1 0),,$500.00,,"$3,950","$3,950","$3,950",815,$4.85,2020,0,In Unit,Yes,1+Year,Unfurnished,310-962-5000,"14,518"
26644201,,610,610  N Orlando AVE #206,WEST HOLLYWOOD,90048,2,2.00 (2 0 0 0),,,,"$3,950","$3,950","$3,950",,$0,,1,In Unit,Call,1+Year,Unfurnished,310-466-6919,0
CV26017710MR,Single Family,1309,1309   Cascade AVE ,WALNUT,91789,3,2.00 (2 0 0 0),,$0.00,150,"$3,950","$4,000","$3,950","1,422",$2.78,1985,2,"Dryer,Dryer Included,Room,Washer,Washer Included",No,Negotiable,Unfurnished,626-643-7090,"7,666"
26643713,Condominium,423,423  S Rexford Dr #202,Beverly Hills,90212,2,2.00 (2 0 0 0),,,,"$3,990","$3,990","$3,990","1,157",$3.45,1961,1,"In Closet,Laundry Area,Inside,Room,In Unit,Laundry Closet Stacked",Call,1+Year,Unfurnished,310-717-9111,"12,150"
26644237,Single Family,11029,11029   Sarah St ,Los Angeles,91602,2,1.00 (1 0 0 0),,,,"$3,995","$3,995","$3,995","1,106",$3.61,1923,4,In Unit,Yes,12 Months,Unfurnished,310-270-3879,"5,000"
26642961,,1931,1931   Malcolm Ave #201,Los Angeles,90025,10,12.00 (12 0 0 0),,,,"$3,995","$3,995","$3,995","7,574",$0.53,1987,0,Inside,Call,1+Year,Unfurnished,310-927-2720,"6,754"
26641745,Single Family,9344,9344   Valjean Ave ,North Hills,91343,4,2.00 (1 1 0 0),,,,"$3,995","$3,995","$3,995","2,100",$1.90,1956,0,"Inside,Room",Call,1-Year,Unfurnished,310-776-0688,"8,708"
P1-25586PF,Single Family,18207,18207   Acre ST ,LOS ANGELES,91325,3,2.00 (2 0 0 0),,$500.00,,"$3,995","$3,995","$3,995","1,373",$2.91,1953,2,,,1-Year,Unfurnished,(818) 306-7351,"8,134"
GD26016062IT,Townhouse,18319,18319   Hart ST #3,RESEDA,91335,4,4.00 (4 0 0 0),,$0.00,,"$4,100","$4,100","$3,995","1,946",$2.05,1992,2,"In Closet,On Upper Level",No,1-Year,Unfurnished,818-943-3064,"72,519"
SR26011584MR,Townhouse,6607,6607   Troost Ave ,NORTH HOLLYWOOD,91606,3,3.00 (3 0 0 0),,$0.00,,"$3,995","$3,995","$3,995","1,350",$2.96,2025,2,"Dryer,Dryer Included,Washer,Washer Included",,1-Year,Unfurnished,818-536-4455,"4,515"
SB26016774MR,Condominium,1720,1720   Ardmore  #227,HERMOSA BEACH,90254,2,2.00 (1 1 0 0),,$0.00,,"$3,995","$3,995","$3,995",857,$4.66,1970,2,Community,,1-Year,Unfurnished,310-756-3524,"55,454"
SR26018521MR,Single Family,24101,24101   Victory  ,WEST HILLS,91307,3,2.00 (2 0 0 0),,$0.00,,"$3,995","$4,500","$3,995","1,114",$3.59,1960,0,"Dryer,Dryer Included,Inside,Laundry Closet Stacked,Stackable W/D Hookup,Washer,Washer Included",,1-Year,Unfurnished,818-652-4654,"7,029"
26643871,,132,132  S Kenmore Ave ,Los Angeles,90004,4,3.00 (3 0 0 0),,,,"$3,999","$4,000","$3,999","1,711",$2.34,1925,0,In Unit,No,1+Year,Both,213-700-3919,"7,002"
26643491,,10535,10535   Wilshire Blvd #801,Los Angeles,90024,2,2.00 (2 0 0 0),,,,"$3,999","$3,999","$3,999","1,071",$3.73,1978,2,In Unit,Call,1+Year,Unfurnished,310-435-3558,"52,819"
,,,,,,,,,,,,,,,,,,,,,,,
"Feeling Generous and appreciative?  Donations accepted via:								
Venmo: @Tanner-Beyer3								
Cashapp: $TannerBeyer								
Zelle : 323-875-9044								
								
Sq Footage Abbreviations								
A -- Appraiser or Assessor								
B -- Builder								
E -- Estimated								
O -- Owner (or OTH which is ""other"" just means some undefined document that claims the sq footage)								
P - Public Record								
S -- Seller								
OLP - Original list price   - LP List Price to determine if there is any price gouging.								
Sub Type								
A -- Attached								
D -- Detached								
								
Beds/Baths								
2 (beds) / 1 (total baths),1 (full baths) ,0 (half bath), 0 (three quarter bath)								
								
								
Information provided is shown as entered by listing agents or brokers in the MLS and therefore is deemed accurate at the time report is generated.								",,,,,,,,,,,,,,,,,,,,,,,